# t [s], p1 [Pa], p2 [Pa], mobA [kg], immA [kg], dissA [kg], sealA [kg], mobB [kg], immB [kg], dissB [kg], sealB [kg], mC [m^2], sealTot [kg], boundary [kg]
0.0000e+00, 2.825e+07, 2.234e+07, 0.000e+00, 0.000e+00, 2.744e-01, 2.588e-02, 0.000e+00, 0.000e+00, 1.741e-01, 2.097e-02, nan, 1.123e-01, 9.026e+00
3.1557e+07, 2.825e+07, 2.234e+07, 0.000e+00, 0.000e+00, 2.744e-01, 2.588e-02, 0.000e+00, 0.000e+00, 1.741e-01, 2.097e-02, nan, 1.123e-01, 9.026e+00
6.3114e+07, 2.856e+07, 2.240e+07, 0.000e+00, 0.000e+00, 2.744e-01, 2.588e-02, 0.000e+00, 0.000e+00, 1.741e-01, 2.097e-02, nan, 1.123e-01, 9.027e+00
7.9821e+07, 2.878e+07, 2.249e+07, 0.000e+00, 0.000e+00, 2.744e-01, 2.589e-02, 0.000e+00, 0.000e+00, 1.741e-01, 2.097e-02, nan, 1.564e+01, 9.027e+00
8.9844e+07, 2.890e+07, 2.255e+07, 0.000e+00, 0.000e+00, 2.744e-01, 2.589e-02, 0.000e+00, 0.000e+00, 1.742e-01, 2.097e-02, nan, 3.456e+01, 9.028e+00
9.8046e+07, 2.897e+07, 2.258e+07, 0.000e+00, 0.000e+00, 2.744e-01, 2.589e-02, 0.000e+00, 0.000e+00, 1.742e-01, 2.098e-02, nan, 4.834e+01, 9.028e+00
1.0859e+08, 2.902e+07, 2.261e+07, 0.000e+00, 0.000e+00, 2.744e-01, 2.589e-02, 0.000e+00, 0.000e+00, 1.742e-01, 2.098e-02, nan, 6.054e+01, 9.028e+00
1.2441e+08, 2.909e+07, 2.266e+07, 0.000e+00, 0.000e+00, 2.745e-01, 2.589e-02, 0.000e+00, 0.000e+00, 1.742e-01, 2.098e-02, nan, 8.039e+01, 9.028e+00
1.4104e+08, 2.918e+07, 2.272e+07, 0.000e+00, 0.000e+00, 2.745e-01, 2.589e-02, 0.000e+00, 0.000e+00, 1.742e-01, 2.098e-02, nan, 1.471e+02, 9.028e+00
1.5768e+08, 2.928e+07, 2.280e+07, 0.000e+00, 0.000e+00, 2.771e-01, 2.589e-02, 0.000e+00, 0.000e+00, 1.742e-01, 2.098e-02, nan, 3.545e+02, 9.029e+00
1.7432e+08, 2.937e+07, 2.287e+07, 0.000e+00, 0.000e+00, 3.086e+01, 3.259e-02, 0.000e+00, 0.000e+00, 1.742e-01, 2.098e-02, nan, 7.135e+02, 9.029e+00
1.9095e+08, 2.947e+07, 2.295e+07, 1.052e+04, 1.443e+03, 5.593e+03, 5.124e+00, 0.000e+00, 0.000e+00, 1.742e-01, 2.098e-02, nan, 1.229e+03, 9.029e+00
2.0592e+08, 2.956e+07, 2.303e+07, 6.563e+04, 6.993e+02, 1.853e+04, 1.705e+01, 0.000e+00, 0.000e+00, 1.742e-01, 2.098e-02, nan, 1.877e+03, 9.030e+00
2.1940e+08, 2.964e+07, 2.311e+07, 1.470e+05, 1.737e+03, 2.798e+04, 3.112e+01, 0.000e+00, 0.000e+00, 1.742e-01, 2.098e-02, nan, 2.546e+03, 9.030e+00
2.3288e+08, 2.971e+07, 2.317e+07, 2.373e+05, 4.239e+03, 3.533e+04, 4.510e+01, 0.000e+00, 0.000e+00, 1.742e-01, 2.098e-02, nan, 3.220e+03, 9.030e+00
2.5020e+08, 2.978e+07, 2.324e+07, 3.448e+05, 1.583e+01, 4.512e+04, 6.062e+01, 0.000e+00, 0.000e+00, 1.742e-01, 2.098e-02, nan, 3.986e+03, 9.030e+00
2.6969e+08, 2.987e+07, 2.333e+07, 4.924e+05, 1.254e+02, 5.788e+04, 1.310e+02, 0.000e+00, 0.000e+00, 1.742e-01, 2.098e-02, nan, 5.139e+03, 9.031e+00
2.8066e+08, 2.998e+07, 2.343e+07, 6.777e+05, 1.452e+03, 7.444e+04, 3.038e+02, 0.000e+00, 0.000e+00, 1.742e-01, 2.098e-02, nan, 6.616e+03, 9.031e+00
2.9162e+08, 3.004e+07, 2.348e+07, 7.953e+05, 7.643e+02, 7.905e+04, 4.351e+02, 0.000e+00, 0.000e+00, 1.742e-01, 2.098e-02, nan, 7.505e+03, 9.031e+00
3.0258e+08, 3.009e+07, 2.354e+07, 9.156e+05, 2.651e+03, 8.486e+04, 5.992e+02, 0.000e+00, 0.000e+00, 1.742e-01, 2.098e-02, nan, 8.446e+03, 9.031e+00
3.1536e+08, 3.015e+07, 2.360e+07, 1.042e+06, 2.023e+03, 9.231e+04, 7.976e+02, 0.000e+00, 0.000e+00, 1.742e-01, 2.098e-02, nan, 9.437e+03, 9.032e+00
3.3179e+08, 3.022e+07, 2.366e+07, 1.193e+06, 2.129e+03, 1.021e+05, 1.078e+03, 0.000e+00, 0.000e+00, 1.742e-01, 2.098e-02, nan, 1.067e+04, 9.032e+00
3.5027e+08, 3.030e+07, 2.375e+07, 1.393e+06, 1.980e+03, 1.154e+05, 1.525e+03, 0.000e+00, 0.000e+00, 1.742e-01, 2.099e-02, nan, 1.238e+04, 9.032e+00
3.7106e+08, 3.040e+07, 2.384e+07, 1.623e+06, 2.191e+03, 1.292e+05, 2.149e+03, 0.000e+00, 0.000e+00, 1.742e-01, 2.099e-02, nan, 1.447e+04, 9.032e+00
3.9445e+08, 3.050e+07, 2.395e+07, 1.886e+06, 3.458e+03, 1.463e+05, 2.977e+03, 0.000e+00, 0.000e+00, 1.743e-01, 2.099e-02, nan, 1.702e+04, 9.033e+00
4.1784e+08, 3.062e+07, 2.407e+07, 2.198e+06, 3.521e+03, 1.657e+05, 4.037e+03, 0.000e+00, 0.000e+00, 1.743e-01, 2.099e-02, nan, 2.008e+04, 9.033e+00
4.3889e+08, 3.075e+07, 2.419e+07, 2.520e+06, 4.813e+03, 1.845e+05, 5.212e+03, 0.000e+00, 0.000e+00, 1.743e-01, 2.099e-02, nan, 2.329e+04, 9.034e+00
4.5597e+08, 3.085e+07, 2.429e+07, 2.820e+06, 4.071e+03, 1.996e+05, 6.358e+03, 0.000e+00, 0.000e+00, 1.743e-01, 2.099e-02, nan, 2.628e+04, 9.034e+00
4.7304e+08, 3.094e+07, 2.438e+07, 3.068e+06, 1.821e+03, 2.113e+05, 7.347e+03, 0.000e+00, 0.000e+00, 1.743e-01, 2.099e-02, nan, 2.879e+04, 9.034e+00
4.9499e+08, 3.103e+07, 2.447e+07, 3.316e+06, 1.678e+03, 2.230e+05, 8.394e+03, 0.000e+00, 0.000e+00, 1.743e-01, 2.099e-02, nan, 3.137e+04, 9.035e+00
5.1695e+08, 3.114e+07, 2.458e+07, 3.631e+06, 3.133e+03, 2.421e+05, 9.851e+03, 0.000e+00, 0.000e+00, 1.743e-01, 2.099e-02, nan, 3.482e+04, 9.035e+00
5.3106e+08, 3.125e+07, 2.469e+07, 3.953e+06, 1.493e+03, 2.583e+05, 1.145e+04, 0.000e+00, 0.000e+00, 1.743e-01, 2.099e-02, nan, 3.843e+04, 9.035e+00
5.4517e+08, 3.132e+07, 2.476e+07, 4.161e+06, 2.437e+03, 2.664e+05, 1.252e+04, 0.000e+00, 0.000e+00, 1.743e-01, 2.099e-02, nan, 4.081e+04, 9.036e+00
5.5576e+08, 3.138e+07, 2.484e+07, 4.364e+06, 6.621e+03, 2.761e+05, 1.365e+04, 0.000e+00, 0.000e+00, 1.743e-01, 2.099e-02, nan, 4.324e+04, 9.036e+00
5.6766e+08, 3.142e+07, 2.489e+07, 4.528e+06, 1.308e+03, 2.831e+05, 1.452e+04, 0.000e+00, 0.000e+00, 1.743e-01, 2.099e-02, nan, 4.509e+04, 9.036e+00
5.8552e+08, 3.145e+07, 2.495e+07, 4.703e+06, 4.096e+03, 2.927e+05, 1.554e+04, 0.000e+00, 0.000e+00, 1.743e-01, 2.100e-02, nan, 4.722e+04, 9.036e+00
6.0812e+08, 3.151e+07, 2.504e+07, 4.971e+06, 3.402e+03, 3.094e+05, 1.712e+04, 0.000e+00, 0.000e+00, 1.743e-01, 2.100e-02, nan, 5.047e+04, 9.037e+00
6.3072e+08, 3.159e+07, 2.516e+07, 5.313e+06, 4.693e+03, 3.284e+05, 1.922e+04, 0.000e+00, 0.000e+00, 1.824e-01, 2.100e-02, nan, 5.471e+04, 9.037e+00
6.5614e+08, 3.168e+07, 2.527e+07, 5.655e+06, 8.178e+03, 3.467e+05, 2.144e+04, 0.000e+00, 0.000e+00, 3.149e-01, 2.100e-02, nan, 5.907e+04, 9.037e+00
6.7902e+08, 3.181e+07, 2.540e+07, 6.048e+06, 4.913e+03, 3.683e+05, 2.408e+04, 0.000e+00, 0.000e+00, 2.279e+00, 2.100e-02, nan, 6.414e+04, 9.038e+00
7.0190e+08, 3.192e+07, 2.551e+07, 6.399e+06, 5.622e+03, 3.845e+05, 2.653e+04, 0.000e+00, 0.000e+00, 1.047e+01, 2.100e-02, nan, 6.874e+04, 9.038e+00
7.1906e+08, 3.203e+07, 2.563e+07, 6.748e+06, 6.203e+03, 4.026e+05, 2.906e+04, 0.000e+00, 0.000e+00, 4.201e+01, 2.101e-02, nan, 7.336e+04, 9.038e+00
7.3451e+08, 3.212e+07, 2.572e+07, 7.013e+06, 5.077e+03, 4.142e+05, 3.101e+04, 0.000e+00, 0.000e+00, 9.380e+01, 2.102e-02, nan, 7.687e+04, 9.039e+00
7.5188e+08, 3.219e+07, 2.579e+07, 7.248e+06, 5.235e+03, 4.253e+05, 3.281e+04, 0.000e+00, 0.000e+00, 1.824e+02, 2.103e-02, nan, 8.005e+04, 9.039e+00
7.7014e+08, 3.228e+07, 2.588e+07, 7.511e+06, 5.663e+03, 4.390e+05, 3.489e+04, 0.000e+00, 0.000e+00, 3.878e+02, 2.107e-02, nan, 8.367e+04, 9.039e+00
7.8840e+08, 3.237e+07, 2.597e+07, 7.785e+06, 8.369e+03, 4.531e+05, 3.713e+04, 0.000e+00, 0.000e+00, 8.400e+02, 2.115e-02, nan, 8.752e+04, 9.040e+00
8.0209e+08, 3.246e+07, 2.606e+07, 8.061e+06, 8.406e+03, 4.674e+05, 3.943e+04, 0.000e+00, 0.000e+00, 1.837e+03, 2.133e-02, nan, 9.143e+04, 9.040e+00
8.1579e+08, 3.255e+07, 2.634e+07, 8.275e+06, 8.389e+03, 4.756e+05, 4.062e+04, 0.000e+00, 0.000e+00, 2.894e+03, 2.129e-02, nan, 9.370e+04, 9.040e+00
8.2811e+08, 3.264e+07, 2.654e+07, 8.492e+06, 8.102e+03, 4.860e+05, 4.142e+04, 6.166e+02, 1.290e+03, 5.051e+03, 2.130e-02, nan, 9.544e+04, 9.041e+00
8.4198e+08, 3.273e+07, 2.671e+07, 8.694e+06, 5.205e+03, 4.936e+05, 4.195e+04, 5.218e+03, 1.348e+03, 1.047e+04, 2.130e-02, nan, 9.672e+04, 9.041e+00
8.5758e+08, 3.284e+07, 2.688e+07, 8.923e+06, 2.943e+03, 5.053e+05, 4.238e+04, 1.514e+04, 3.172e+03, 1.588e+04, 2.127e-02, nan, 9.791e+04, 9.042e+00
8.7513e+08, 3.298e+07, 2.707e+07, 9.179e+06, 9.325e+03, 5.161e+05, 4.272e+04, 3.006e+04, 3.884e+03, 2.362e+04, 2.121e-02, nan, 9.902e+04, 9.042e+00
8.9268e+08, 3.314e+07, 2.727e+07, 9.480e+06, 5.770e+03, 5.286e+05, 4.299e+04, 5.459e+04, 2.989e+03, 3.038e+04, 2.111e-02, nan, 1.001e+05, 9.043e+00
9.1023e+08, 3.331e+07, 2.746e+07, 9.781e+06, 6.777e+03, 5.416e+05, 4.317e+04, 7.442e+04, 6.544e+03, 3.967e+04, 2.103e-02, nan, 1.010e+05, 9.043e+00
9.2815e+08, 3.348e+07, 2.765e+07, 1.008e+07, 7.975e+03, 5.537e+05, 4.330e+04, 1.038e+05, 5.031e+03, 4.570e+04, 2.105e-02, nan, 1.018e+05, 9.044e+00
9.4608e+08, 3.366e+07, 2.784e+07, 1.040e+07, 7.778e+03, 5.659e+05, 4.341e+04, 1.313e+05, 4.396e+03, 5.459e+04, 2.109e-02, nan, 1.025e+05, 9.045e+00
9.6625e+08, 3.384e+07, 2.803e+07, 1.071e+07, 5.347e+03, 5.779e+05, 4.348e+04, 1.563e+05, 6.696e+03, 6.356e+04, 2.115e-02, nan, 1.032e+05, 9.045e+00
9.8894e+08, 3.403e+07, 2.824e+07, 1.107e+07, 7.154e+03, 5.927e+05, 4.355e+04, 1.872e+05, 8.478e+03, 7.242e+04, 2.123e-02, nan, 1.039e+05, 9.046e+00
1.0116e+09, 3.426e+07, 2.847e+07, 1.146e+07, 9.542e+03, 6.093e+05, 4.361e+04, 2.267e+05, 3.855e+03, 8.477e+04, 2.134e-02, nan, 1.046e+05, 9.047e+00
1.0343e+09, 3.448e+07, 2.870e+07, 1.186e+07, 6.140e+03, 6.239e+05, 4.365e+04, 2.609e+05, 8.051e+03, 9.429e+04, 2.145e-02, nan, 1.054e+05, 9.047e+00
1.0598e+09, 3.470e+07, 2.893e+07, 1.226e+07, 8.930e+03, 6.395e+05, 4.369e+04, 2.961e+05, 1.022e+04, 1.055e+05, 2.156e-02, nan, 1.061e+05, 9.048e+00
1.0818e+09, 3.495e+07, 2.918e+07, 1.270e+07, 1.080e+04, 6.578e+05, 4.372e+04, 3.362e+05, 1.547e+04, 1.161e+05, 2.167e-02, nan, 1.068e+05, 9.049e+00
1.1038e+09, 3.516e+07, 2.940e+07, 1.308e+07, 9.544e+03, 6.718e+05, 4.375e+04, 3.816e+05, 9.397e+03, 1.258e+05, 2.176e-02, nan, 1.075e+05, 9.050e+00
1.1257e+09, 3.538e+07, 2.962e+07, 1.347e+07, 6.022e+03, 6.857e+05, 4.377e+04, 4.255e+05, 6.725e+03, 1.352e+05, 2.185e-02, nan, 1.081e+05, 9.050e+00
1.1504e+09, 3.559e+07, 2.984e+07, 1.384e+07, 7.851e+03, 6.995e+05, 4.379e+04, 4.695e+05, 3.364e+03, 1.472e+05, 2.193e-02, nan, 1.087e+05, 9.051e+00
1.1820e+09, 3.583e+07, 3.008e+07, 1.427e+07, 8.933e+03, 7.166e+05, 4.381e+04, 5.117e+05, 1.099e+04, 1.595e+05, 2.201e-02, nan, 1.093e+05, 9.052e+00
1.2135e+09, 3.613e+07, 3.039e+07, 1.480e+07, 5.998e+03, 7.386e+05, 4.382e+04, 5.806e+05, 6.214e+03, 1.794e+05, 2.211e-02, nan, 1.101e+05, 9.053e+00
1.2375e+09, 3.644e+07, 3.070e+07, 1.533e+07, 8.406e+03, 7.596e+05, 4.383e+04, 6.479e+05, 1.485e+04, 1.928e+05, 2.219e-02, nan, 1.109e+05, 9.054e+00
1.2495e+09, 3.667e+07, 3.093e+07, 1.573e+07, 1.384e+04, 7.716e+05, 4.384e+04, 7.032e+05, 1.868e+04, 2.046e+05, 2.226e-02, nan, 1.115e+05, 9.055e+00
1.2555e+09, 3.678e+07, 3.105e+07, 1.594e+07, 9.400e+03, 7.765e+05, 4.384e+04, 7.407e+05, 1.269e+04, 2.094e+05, 2.229e-02, nan, 1.118e+05, 9.055e+00
1.2614e+09, 3.684e+07, 3.111e+07, 1.604e+07, 1.073e+04, 7.785e+05, 4.384e+04, 7.534e+05, 1.641e+04, 2.112e+05, 2.230e-02, nan, 1.119e+05, 9.055e+00
1.2794e+09, 3.690e+07, 3.117e+07, 1.615e+07, 8.466e+03, 7.812e+05, 4.384e+04, 7.709e+05, 1.502e+04, 2.137e+05, 2.232e-02, nan, 1.121e+05, 9.055e+00
1.3110e+09, 3.707e+07, 3.134e+07, 1.644e+07, 1.175e+04, 7.939e+05, 4.385e+04, 8.229e+05, 1.034e+04, 2.237e+05, 2.236e-02, nan, 1.125e+05, 9.056e+00
1.3425e+09, 3.737e+07, 3.165e+07, 1.696e+07, 1.535e+04, 8.165e+05, 4.385e+04, 9.033e+05, 1.514e+04, 2.436e+05, 2.242e-02, nan, 1.132e+05, 9.057e+00
1.3683e+09, 3.767e+07, 3.195e+07, 1.749e+07, 1.619e+04, 8.355e+05, 4.385e+04, 9.963e+05, 1.472e+04, 2.600e+05, 2.249e-02, nan, 1.139e+05, 9.058e+00
1.3862e+09, 3.792e+07, 3.220e+07, 1.793e+07, 1.308e+04, 8.497e+05, 4.384e+04, 1.075e+06, 1.168e+04, 2.762e+05, 2.253e-02, nan, 1.145e+05, 9.059e+00
1.4008e+09, 3.809e+07, 3.237e+07, 1.822e+07, 1.553e+04, 8.593e+05, 4.384e+04, 1.124e+06, 1.759e+04, 2.849e+05, 2.257e-02, nan, 1.148e+05, 9.059e+00
1.4100e+09, 3.823e+07, 3.252e+07, 1.846e+07, 1.698e+04, 8.678e+05, 4.384e+04, 1.168e+06, 2.106e+04, 2.904e+05, 2.259e-02, nan, 1.152e+05, 9.060e+00
1.4145e+09, 3.832e+07, 3.260e+07, 1.862e+07, 1.869e+04, 8.711e+05, 4.384e+04, 1.202e+06, 1.727e+04, 2.944e+05, 2.260e-02, nan, 1.153e+05, 9.060e+00
1.4191e+09, 3.836e+07, 3.265e+07, 1.870e+07, 1.431e+04, 8.729e+05, 4.384e+04, 1.219e+06, 1.516e+04, 2.966e+05, 2.261e-02, nan, 1.154e+05, 9.060e+00
1.4328e+09, 3.841e+07, 3.269e+07, 1.877e+07, 1.673e+04, 8.752e+05, 4.384e+04, 1.231e+06, 1.728e+04, 2.989e+05, 2.262e-02, nan, 1.155e+05, 9.060e+00
1.4644e+09, 3.854e+07, 3.282e+07, 1.899e+07, 1.639e+04, 8.890e+05, 4.384e+04, 1.274e+06, 1.736e+04, 3.071e+05, 2.264e-02, nan, 1.158e+05, 9.061e+00
1.4959e+09, 3.884e+07, 3.312e+07, 1.949e+07, 2.459e+04, 9.177e+05, 4.384e+04, 1.376e+06, 1.431e+04, 3.271e+05, 2.269e-02, nan, 1.165e+05, 9.062e+00
1.5196e+09, 3.913e+07, 3.342e+07, 2.002e+07, 2.023e+04, 9.353e+05, 4.384e+04, 1.466e+06, 2.044e+04, 3.522e+05, 2.273e-02, nan, 1.171e+05, 9.063e+00
1.5409e+09, 3.936e+07, 3.365e+07, 2.041e+07, 1.290e+04, 9.452e+05, 4.384e+04, 1.537e+06, 3.017e+04, 3.632e+05, 2.275e-02, nan, 1.176e+05, 9.064e+00
1.5589e+09, 3.956e+07, 3.385e+07, 2.076e+07, 1.202e+04, 9.538e+05, 4.384e+04, 1.618e+06, 1.443e+04, 3.810e+05, 2.278e-02, nan, 1.181e+05, 9.064e+00
1.5768e+09, 3.973e+07, 3.402e+07, 2.106e+07, 7.918e+03, 9.597e+05, 4.384e+04, 1.664e+06, 2.616e+04, 3.936e+05, 2.280e-02, nan, 1.184e+05, 9.065e+00
1.5999e+09, 3.990e+07, 3.419e+07, 2.135e+07, 1.191e+04, 9.668e+05, 4.384e+04, 1.727e+06, 1.937e+04, 4.083e+05, 2.282e-02, nan, 1.188e+05, 9.065e+00
1.6295e+09, 3.988e+07, 3.410e+07, 2.160e+07, 1.327e+04, 9.700e+05, 4.383e+04, 1.793e+06, 2.589e+04, 4.236e+05, 2.280e-02, nan, 1.188e+05, 9.066e+00
1.6611e+09, 3.988e+07, 3.408e+07, 2.191e+07, 1.426e+04, 9.771e+05, 4.382e+04, 1.870e+06, 2.325e+04, 4.476e+05, 2.277e-02, nan, 1.188e+05, 9.066e+00
1.6926e+09, 3.988e+07, 3.406e+07, 2.222e+07, 1.583e+04, 9.851e+05, 4.381e+04, 1.921e+06, 3.456e+04, 4.710e+05, 2.275e-02, nan, 1.188e+05, 9.066e+00
1.7136e+09, 3.988e+07, 3.405e+07, 2.253e+07, 1.630e+04, 9.946e+05, 4.381e+04, 1.976e+06, 2.298e+04, 4.976e+05, 2.273e-02, nan, 1.188e+05, 9.066e+00
1.7345e+09, 3.988e+07, 3.405e+07, 2.273e+07, 1.003e+04, 1.000e+06, 4.381e+04, 1.998e+06, 2.344e+04, 5.144e+05, 2.271e-02, nan, 1.188e+05, 9.066e+00
1.7659e+09, 3.988e+07, 3.405e+07, 2.292e+07, 1.894e+04, 1.006e+06, 4.381e+04, 2.007e+06, 3.262e+04, 5.316e+05, 2.269e-02, nan, 1.188e+05, 9.066e+00
1.7974e+09, 3.988e+07, 3.404e+07, 2.321e+07, 1.771e+04, 1.015e+06, 4.382e+04, 2.038e+06, 1.863e+04, 5.598e+05, 2.266e-02, nan, 1.188e+05, 9.066e+00
1.8290e+09, 3.988e+07, 3.404e+07, 2.349e+07, 1.506e+04, 1.024e+06, 4.382e+04, 2.038e+06, 3.510e+04, 5.857e+05, 2.263e-02, nan, 1.188e+05, 9.066e+00
1.8548e+09, 3.988e+07, 3.404e+07, 2.376e+07, 1.244e+04, 1.033e+06, 4.382e+04, 2.051e+06, 2.951e+04, 6.173e+05, 2.260e-02, nan, 1.188e+05, 9.066e+00
1.8735e+09, 3.988e+07, 3.404e+07, 2.398e+07, 1.749e+04, 1.039e+06, 4.382e+04, 2.064e+06, 3.104e+04, 6.344e+05, 2.258e-02, nan, 1.188e+05, 9.066e+00
1.8922e+09, 3.988e+07, 3.404e+07, 2.414e+07, 1.264e+04, 1.043e+06, 4.383e+04, 2.074e+06, 2.362e+04, 6.539e+05, 2.257e-02, nan, 1.188e+05, 9.066e+00
1.9132e+09, 3.988e+07, 3.404e+07, 2.430e+07, 1.295e+04, 1.049e+06, 4.383e+04, 2.070e+06, 3.399e+04, 6.696e+05, 2.255e-02, nan, 1.188e+05, 9.066e+00
1.9368e+09, 3.988e+07, 3.404e+07, 2.447e+07, 1.277e+04, 1.055e+06, 4.383e+04, 2.087e+06, 2.921e+04, 6.823e+05, 2.254e-02, nan, 1.188e+05, 9.066e+00
1.9684e+09, 3.988e+07, 3.403e+07, 2.465e+07, 1.527e+04, 1.061e+06, 4.383e+04, 2.095e+06, 2.228e+04, 7.085e+05, 2.253e-02, nan, 1.188e+05, 9.066e+00
1.9887e+09, 3.988e+07, 3.403e+07, 2.490e+07, 1.493e+04, 1.069e+06, 4.384e+04, 2.109e+06, 2.508e+04, 7.285e+05, 2.253e-02, nan, 1.188e+05, 9.066e+00
2.0115e+09, 3.988e+07, 3.403e+07, 2.506e+07, 1.701e+04, 1.074e+06, 4.384e+04, 2.107e+06, 3.146e+04, 7.471e+05, 2.253e-02, nan, 1.188e+05, 9.066e+00
2.0307e+09, 3.988e+07, 3.403e+07, 2.523e+07, 1.425e+04, 1.079e+06, 4.384e+04, 2.108e+06, 4.188e+04, 7.614e+05, 2.253e-02, nan, 1.188e+05, 9.066e+00
2.0403e+09, 3.988e+07, 3.403e+07, 2.538e+07, 1.409e+04, 1.083e+06, 4.385e+04, 2.126e+06, 3.316e+04, 7.749e+05, 2.253e-02, nan, 1.188e+05, 9.066e+00
2.0498e+09, 3.988e+07, 3.403e+07, 2.545e+07, 1.357e+04, 1.085e+06, 4.385e+04, 2.130e+06, 3.253e+04, 7.819e+05, 2.253e-02, nan, 1.188e+05, 9.066e+00
2.0786e+09, 3.988e+07, 3.402e+07, 2.552e+07, 1.390e+04, 1.087e+06, 4.385e+04, 2.138e+06, 2.890e+04, 7.885e+05, 2.253e-02, nan, 1.188e+05, 9.066e+00
2.1102e+09, 3.988e+07, 3.402e+07, 2.572e+07, 1.446e+04, 1.096e+06, 4.385e+04, 2.145e+06, 3.362e+04, 8.095e+05, 2.257e-02, nan, 1.188e+05, 9.066e+00
2.1417e+09, 3.988e+07, 3.402e+07, 2.594e+07, 1.726e+04, 1.102e+06, 4.386e+04, 2.158e+06, 3.338e+04, 8.324e+05, 2.263e-02, nan, 1.188e+05, 9.066e+00
2.1733e+09, 3.988e+07, 3.401e+07, 2.615e+07, 1.947e+04, 1.110e+06, 4.387e+04, 2.173e+06, 3.536e+04, 8.513e+05, 2.271e-02, nan, 1.188e+05, 9.066e+00
2.1904e+09, 3.988e+07, 3.401e+07, 2.637e+07, 1.356e+04, 1.116e+06, 4.387e+04, 2.185e+06, 3.740e+04, 8.730e+05, 2.280e-02, nan, 1.188e+05, 9.066e+00
2.2075e+09, 3.988e+07, 3.401e+07, 2.648e+07, 1.375e+04, 1.119e+06, 4.388e+04, 2.197e+06, 3.617e+04, 8.813e+05, 2.282e-02, nan, 1.188e+05, 9.066e+00
2.2332e+09, 3.988e+07, 3.401e+07, 2.659e+07, 1.361e+04, 1.123e+06, 4.388e+04, 2.205e+06, 3.530e+04, 8.929e+05, 2.285e-02, nan, 1.188e+05, 9.066e+00
2.2648e+09, 3.987e+07, 3.400e+07, 2.675e+07, 1.622e+04, 1.132e+06, 4.389e+04, 2.213e+06, 4.151e+04, 9.079e+05, 2.292e-02, nan, 1.188e+05, 9.066e+00
2.2963e+09, 3.987e+07, 3.400e+07, 2.693e+07, 1.757e+04, 1.141e+06, 4.389e+04, 2.231e+06, 3.962e+04, 9.262e+05, 2.306e-02, nan, 1.188e+05, 9.066e+00
2.3279e+09, 3.987e+07, 3.400e+07, 2.712e+07, 1.909e+04, 1.150e+06, 4.390e+04, 2.248e+06, 4.120e+04, 9.419e+05, 2.320e-02, nan, 1.188e+05, 9.066e+00
2.3465e+09, 3.987e+07, 3.399e+07, 2.730e+07, 1.815e+04, 1.157e+06, 4.391e+04, 2.259e+06, 4.512e+04, 9.609e+05, 2.336e-02, nan, 1.188e+05, 9.065e+00
2.3652e+09, 3.987e+07, 3.399e+07, 2.741e+07, 1.822e+04, 1.161e+06, 4.391e+04, 2.263e+06, 5.379e+04, 9.682e+05, 2.340e-02, nan, 1.189e+05, 9.065e+00
2.3968e+09, 3.987e+07, 3.399e+07, 2.751e+07, 2.039e+04, 1.164e+06, 4.392e+04, 2.278e+06, 5.011e+04, 9.770e+05, 2.343e-02, nan, 1.189e+05, 9.065e+00
2.4283e+09, 3.986e+07, 3.398e+07, 2.768e+07, 1.906e+04, 1.172e+06, 4.393e+04, 2.295e+06, 4.973e+04, 9.940e+05, 2.361e-02, nan, 1.189e+05, 9.065e+00
2.4599e+09, 3.986e+07, 3.398e+07, 2.785e+07, 1.867e+04, 1.180e+06, 4.394e+04, 2.314e+06, 4.928e+04, 1.008e+06, 2.379e-02, nan, 1.189e+05, 9.065e+00
2.4914e+09, 3.986e+07, 3.397e+07, 2.802e+07, 1.731e+04, 1.186e+06, 4.395e+04, 2.331e+06, 5.116e+04, 1.022e+06, 2.398e-02, nan, 1.189e+05, 9.065e+00
2.5229e+09, 3.986e+07, 3.397e+07, 2.818e+07, 1.950e+04, 1.193e+06, 4.396e+04, 2.350e+06, 4.912e+04, 1.037e+06, 2.417e-02, nan, 1.189e+05, 9.065e+00
2.5544e+09, 3.986e+07, 3.397e+07, 2.834e+07, 1.679e+04, 1.200e+06, 4.397e+04, 2.379e+06, 3.806e+04, 1.051e+06, 2.436e-02, nan, 1.189e+05, 9.065e+00
2.5860e+09, 3.985e+07, 3.396e+07, 2.849e+07, 1.621e+04, 1.205e+06, 4.398e+04, 2.393e+06, 4.304e+04, 1.063e+06, 2.455e-02, nan, 1.189e+05, 9.065e+00
2.6176e+09, 3.985e+07, 3.396e+07, 2.865e+07, 1.136e+04, 1.211e+06, 4.399e+04, 2.411e+06, 4.317e+04, 1.076e+06, 2.474e-02, nan, 1.189e+05, 9.065e+00
2.6491e+09, 3.985e+07, 3.395e+07, 2.880e+07, 1.285e+04, 1.216e+06, 4.400e+04, 2.425e+06, 4.511e+04, 1.091e+06, 2.493e-02, nan, 1.189e+05, 9.065e+00
2.6806e+09, 3.985e+07, 3.395e+07, 2.895e+07, 9.943e+03, 1.221e+06, 4.401e+04, 2.438e+06, 4.989e+04, 1.103e+06, 2.512e-02, nan, 1.190e+05, 9.065e+00
2.7121e+09, 3.984e+07, 3.395e+07, 2.908e+07, 1.591e+04, 1.227e+06, 4.402e+04, 2.458e+06, 4.691e+04, 1.116e+06, 2.531e-02, nan, 1.190e+05, 9.065e+00
2.7437e+09, 3.984e+07, 3.394e+07, 2.923e+07, 1.106e+04, 1.232e+06, 4.404e+04, 2.475e+06, 4.545e+04, 1.129e+06, 2.549e-02, nan, 1.190e+05, 9.065e+00
2.7752e+09, 3.984e+07, 3.394e+07, 2.937e+07, 1.480e+04, 1.238e+06, 4.405e+04, 2.492e+06, 4.508e+04, 1.142e+06, 2.567e-02, nan, 1.190e+05, 9.065e+00
2.8067e+09, 3.984e+07, 3.393e+07, 2.950e+07, 1.751e+04, 1.243e+06, 4.406e+04, 2.506e+06, 4.694e+04, 1.155e+06, 2.583e-02, nan, 1.190e+05, 9.065e+00
2.8382e+09, 3.984e+07, 3.393e+07, 2.964e+07, 1.706e+04, 1.247e+06, 4.407e+04, 2.517e+06, 5.116e+04, 1.168e+06, 2.599e-02, nan, 1.190e+05, 9.065e+00
2.8697e+09, 3.983e+07, 3.393e+07, 2.977e+07, 1.778e+04, 1.251e+06, 4.408e+04, 2.541e+06, 4.370e+04, 1.180e+06, 2.612e-02, nan, 1.190e+05, 9.065e+00
2.9013e+09, 3.983e+07, 3.392e+07, 2.989e+07, 2.364e+04, 1.256e+06, 4.410e+04, 2.559e+06, 4.115e+04, 1.191e+06, 2.631e-02, nan, 1.191e+05, 9.065e+00
2.9250e+09, 3.983e+07, 3.392e+07, 3.001e+07, 2.870e+04, 1.261e+06, 4.411e+04, 2.573e+06, 4.093e+04, 1.205e+06, 2.648e-02, nan, 1.191e+05, 9.065e+00
2.9554e+09, 3.983e+07, 3.392e+07, 3.011e+07, 3.000e+04, 1.265e+06, 4.412e+04, 2.580e+06, 4.550e+04, 1.214e+06, 2.653e-02, nan, 1.191e+05, 9.065e+00
2.9757e+09, 3.983e+07, 3.391e+07, 3.022e+07, 3.322e+04, 1.272e+06, 4.413e+04, 2.595e+06, 4.468e+04, 1.225e+06, 2.659e-02, nan, 1.191e+05, 9.065e+00
2.9959e+09, 3.982e+07, 3.391e+07, 3.029e+07, 3.974e+04, 1.276e+06, 4.414e+04, 2.605e+06, 4.388e+04, 1.233e+06, 2.658e-02, nan, 1.191e+05, 9.065e+00
3.0275e+09, 3.982e+07, 3.391e+07, 3.036e+07, 4.008e+04, 1.281e+06, 4.415e+04, 2.617e+06, 4.091e+04, 1.241e+06, 2.664e-02, nan, 1.191e+05, 9.065e+00
3.0590e+09, 3.982e+07, 3.390e+07, 3.047e+07, 4.334e+04, 1.290e+06, 4.416e+04, 2.629e+06, 4.375e+04, 1.252e+06, 2.686e-02, nan, 1.191e+05, 9.065e+00
3.0906e+09, 3.982e+07, 3.390e+07, 3.057e+07, 5.535e+04, 1.294e+06, 4.418e+04, 2.641e+06, 4.635e+04, 1.263e+06, 2.706e-02, nan, 1.192e+05, 9.065e+00
3.1221e+09, 3.982e+07, 3.390e+07, 3.067e+07, 6.646e+04, 1.299e+06, 4.419e+04, 2.655e+06, 4.453e+04, 1.275e+06, 2.724e-02, nan, 1.192e+05, 9.065e+00
3.1536e+09, 3.981e+07, 3.389e+07, 3.078e+07, 5.841e+04, 1.304e+06, 4.420e+04, 2.665e+06, 4.880e+04, 1.285e+06, 2.741e-02, nan, 1.192e+05, 9.065e+00
3.1852e+09, 3.981e+07, 3.389e+07, 3.089e+07, 6.126e+04, 1.309e+06, 4.422e+04, 2.685e+06, 4.231e+04, 1.295e+06, 2.756e-02, nan, 1.192e+05, 9.065e+00
3.2167e+09, 3.981e+07, 3.389e+07, 3.099e+07, 5.739e+04, 1.313e+06, 4.423e+04, 2.696e+06, 4.344e+04, 1.307e+06, 2.768e-02, nan, 1.192e+05, 9.065e+00
3.2483e+09, 3.981e+07, 3.388e+07, 3.110e+07, 5.709e+04, 1.318e+06, 4.424e+04, 2.707e+06, 4.393e+04, 1.318e+06, 2.778e-02, nan, 1.192e+05, 9.065e+00
3.2798e+09, 3.981e+07, 3.388e+07, 3.120e+07, 5.729e+04, 1.321e+06, 4.426e+04, 2.722e+06, 4.079e+04, 1.328e+06, 2.785e-02, nan, 1.193e+05, 9.065e+00
3.3113e+09, 3.980e+07, 3.388e+07, 3.130e+07, 5.530e+04, 1.325e+06, 4.427e+04, 2.732e+06, 4.287e+04, 1.338e+06, 2.789e-02, nan, 1.193e+05, 9.065e+00
3.3428e+09, 3.980e+07, 3.387e+07, 3.140e+07, 5.130e+04, 1.327e+06, 4.429e+04, 2.737e+06, 4.707e+04, 1.350e+06, 2.791e-02, nan, 1.193e+05, 9.065e+00
3.3744e+09, 3.980e+07, 3.387e+07, 3.149e+07, 5.449e+04, 1.330e+06, 4.430e+04, 2.743e+06, 4.966e+04, 1.361e+06, 2.799e-02, nan, 1.193e+05, 9.065e+00
3.4060e+09, 3.980e+07, 3.387e+07, 3.158e+07, 5.636e+04, 1.334e+06, 4.432e+04, 2.749e+06, 5.434e+04, 1.370e+06, 2.813e-02, nan, 1.193e+05, 9.065e+00
3.4375e+09, 3.980e+07, 3.386e+07, 3.167e+07, 5.725e+04, 1.336e+06, 4.433e+04, 2.755e+06, 5.891e+04, 1.378e+06, 2.828e-02, nan, 1.193e+05, 9.065e+00
3.4690e+09, 3.979e+07, 3.386e+07, 3.177e+07, 5.408e+04, 1.340e+06, 4.434e+04, 2.772e+06, 4.848e+04, 1.389e+06, 2.843e-02, nan, 1.194e+05, 9.065e+00
3.5005e+09, 3.979e+07, 3.386e+07, 3.185e+07, 5.916e+04, 1.344e+06, 4.436e+04, 2.777e+06, 4.856e+04, 1.401e+06, 2.859e-02, nan, 1.194e+05, 9.065e+00
3.5321e+09, 3.979e+07, 3.386e+07, 3.194e+07, 5.980e+04, 1.347e+06, 4.437e+04, 2.777e+06, 5.472e+04, 1.411e+06, 2.876e-02, nan, 1.194e+05, 9.065e+00
3.5479e+09, 3.979e+07, 3.385e+07, 3.202e+07, 6.430e+04, 1.350e+06, 4.439e+04, 2.785e+06, 5.353e+04, 1.420e+06, 2.895e-02, nan, 1.194e+05, 9.065e+00
3.5656e+09, 3.979e+07, 3.385e+07, 3.207e+07, 6.441e+04, 1.352e+06, 4.439e+04, 2.788e+06, 5.352e+04, 1.425e+06, 2.900e-02, nan, 1.194e+05, 9.065e+00
3.5961e+09, 3.978e+07, 3.385e+07, 3.211e+07, 6.401e+04, 1.355e+06, 4.440e+04, 2.797e+06, 4.673e+04, 1.431e+06, 2.908e-02, nan, 1.194e+05, 9.065e+00
3.6266e+09, 3.978e+07, 3.385e+07, 3.219e+07, 6.873e+04, 1.358e+06, 4.442e+04, 2.795e+06, 5.070e+04, 1.442e+06, 2.942e-02, nan, 1.194e+05, 9.065e+00
3.6582e+09, 3.978e+07, 3.384e+07, 3.227e+07, 7.065e+04, 1.361e+06, 4.443e+04, 2.798e+06, 5.261e+04, 1.451e+06, 2.969e-02, nan, 1.195e+05, 9.065e+00
3.6898e+09, 3.978e+07, 3.384e+07, 3.235e+07, 7.045e+04, 1.366e+06, 4.444e+04, 2.797e+06, 5.861e+04, 1.458e+06, 2.979e-02, nan, 1.195e+05, 9.065e+00
3.7213e+09, 3.978e+07, 3.384e+07, 3.242e+07, 7.471e+04, 1.371e+06, 4.446e+04, 2.809e+06, 5.047e+04, 1.467e+06, 3.014e-02, nan, 1.195e+05, 9.065e+00
3.7528e+09, 3.978e+07, 3.384e+07, 3.249e+07, 7.941e+04, 1.378e+06, 4.447e+04, 2.811e+06, 4.925e+04, 1.479e+06, 3.065e-02, nan, 1.195e+05, 9.065e+00
3.7843e+09, 3.977e+07, 3.383e+07, 3.255e+07, 9.363e+04, 1.384e+06, 4.449e+04, 2.810e+06, 5.258e+04, 1.489e+06, 3.134e-02, nan, 1.195e+05, 9.065e+00
3.8159e+09, 3.977e+07, 3.383e+07, 3.261e+07, 1.007e+05, 1.389e+06, 4.450e+04, 2.809e+06, 5.703e+04, 1.497e+06, 3.216e-02, nan, 1.195e+05, 9.065e+00
3.8474e+09, 3.977e+07, 3.383e+07, 3.267e+07, 1.068e+05, 1.397e+06, 4.452e+04, 2.811e+06, 5.845e+04, 1.504e+06, 3.307e-02, nan, 1.196e+05, 9.065e+00
3.8790e+09, 3.977e+07, 3.383e+07, 3.274e+07, 1.143e+05, 1.401e+06, 4.453e+04, 2.819e+06, 5.259e+04, 1.513e+06, 3.409e-02, nan, 1.196e+05, 9.065e+00
3.9105e+09, 3.977e+07, 3.382e+07, 3.281e+07, 1.181e+05, 1.404e+06, 4.455e+04, 2.816e+06, 5.856e+04, 1.521e+06, 3.517e-02, nan, 1.196e+05, 9.065e+00
3.9420e+09, 3.976e+07, 3.382e+07, 3.288e+07, 1.099e+05, 1.409e+06, 4.456e+04, 2.821e+06, 5.788e+04, 1.527e+06, 3.637e-02, nan, 1.196e+05, 9.065e+00
3.9736e+09, 3.976e+07, 3.382e+07, 3.296e+07, 9.808e+04, 1.414e+06, 4.458e+04, 2.824e+06, 5.928e+04, 1.532e+06, 3.760e-02, nan, 1.196e+05, 9.065e+00
4.0051e+09, 3.976e+07, 3.382e+07, 3.302e+07, 1.053e+05, 1.418e+06, 4.459e+04, 2.827e+06, 5.835e+04, 1.541e+06, 3.901e-02, nan, 1.196e+05, 9.065e+00
4.0367e+09, 3.976e+07, 3.382e+07, 3.309e+07, 1.122e+05, 1.420e+06, 4.461e+04, 2.829e+06, 6.001e+04, 1.546e+06, 4.045e-02, nan, 1.197e+05, 9.065e+00
4.0682e+09, 3.976e+07, 3.381e+07, 3.315e+07, 1.141e+05, 1.423e+06, 4.462e+04, 2.832e+06, 5.960e+04, 1.553e+06, 4.206e-02, nan, 1.197e+05, 9.065e+00
4.0997e+09, 3.976e+07, 3.381e+07, 3.322e+07, 1.124e+05, 1.426e+06, 4.464e+04, 2.837e+06, 5.856e+04, 1.558e+06, 4.371e-02, nan, 1.197e+05, 9.065e+00
4.1312e+09, 3.976e+07, 3.381e+07, 3.330e+07, 1.003e+05, 1.429e+06, 4.465e+04, 2.845e+06, 5.290e+04, 1.565e+06, 4.551e-02, nan, 1.197e+05, 9.065e+00
4.1628e+09, 3.975e+07, 3.381e+07, 3.336e+07, 1.014e+05, 1.433e+06, 4.467e+04, 2.847e+06, 5.447e+04, 1.571e+06, 4.738e-02, nan, 1.197e+05, 9.065e+00
4.1944e+09, 3.975e+07, 3.380e+07, 3.342e+07, 1.004e+05, 1.437e+06, 4.468e+04, 2.847e+06, 5.658e+04, 1.577e+06, 4.938e-02, nan, 1.197e+05, 9.065e+00
4.2259e+09, 3.975e+07, 3.380e+07, 3.349e+07, 1.011e+05, 1.438e+06, 4.470e+04, 2.853e+06, 5.426e+04, 1.583e+06, 5.144e-02, nan, 1.198e+05, 9.065e+00
4.2574e+09, 3.975e+07, 3.380e+07, 3.355e+07, 9.713e+04, 1.440e+06, 4.472e+04, 2.856e+06, 5.335e+04, 1.589e+06, 5.360e-02, nan, 1.198e+05, 9.065e+00
4.2889e+09, 3.975e+07, 3.380e+07, 3.362e+07, 9.574e+04, 1.441e+06, 4.473e+04, 2.857e+06, 5.541e+04, 1.594e+06, 5.584e-02, nan, 1.198e+05, 9.065e+00
4.3205e+09, 3.975e+07, 3.380e+07, 3.368e+07, 9.610e+04, 1.443e+06, 4.475e+04, 2.861e+06, 5.294e+04, 1.600e+06, 5.821e-02, nan, 1.198e+05, 9.065e+00
4.3520e+09, 3.974e+07, 3.379e+07, 3.373e+07, 9.737e+04, 1.446e+06, 4.476e+04, 2.865e+06, 5.215e+04, 1.605e+06, 6.072e-02, nan, 1.198e+05, 9.065e+00
4.3835e+09, 3.974e+07, 3.379e+07, 3.379e+07, 9.477e+04, 1.447e+06, 4.478e+04, 2.861e+06, 5.904e+04, 1.610e+06, 6.343e-02, nan, 1.198e+05, 9.065e+00
4.4150e+09, 3.974e+07, 3.379e+07, 3.385e+07, 9.534e+04, 1.450e+06, 4.479e+04, 2.867e+06, 5.616e+04, 1.615e+06, 6.662e-02, nan, 1.199e+05, 9.065e+00
4.4466e+09, 3.974e+07, 3.379e+07, 3.391e+07, 9.508e+04, 1.452e+06, 4.481e+04, 2.874e+06, 5.198e+04, 1.620e+06, 6.985e-02, nan, 1.199e+05, 9.065e+00
4.4782e+09, 3.974e+07, 3.379e+07, 3.397e+07, 9.157e+04, 1.455e+06, 4.483e+04, 2.880e+06, 4.875e+04, 1.624e+06, 7.345e-02, nan, 1.199e+05, 9.065e+00
4.5097e+09, 3.974e+07, 3.379e+07, 3.402e+07, 9.474e+04, 1.458e+06, 4.484e+04, 2.881e+06, 4.989e+04, 1.629e+06, 7.706e-02, nan, 1.199e+05, 9.065e+00
4.5412e+09, 3.974e+07, 3.378e+07, 3.406e+07, 1.037e+05, 1.461e+06, 4.486e+04, 2.883e+06, 5.011e+04, 1.634e+06, 8.091e-02, nan, 1.199e+05, 9.065e+00
4.5727e+09, 3.973e+07, 3.378e+07, 3.411e+07, 1.093e+05, 1.463e+06, 4.487e+04, 2.883e+06, 5.160e+04, 1.639e+06, 8.476e-02, nan, 1.199e+05, 9.065e+00
4.6043e+09, 3.973e+07, 3.378e+07, 3.416e+07, 1.087e+05, 1.465e+06, 4.489e+04, 2.884e+06, 5.326e+04, 1.643e+06, 8.877e-02, nan, 1.200e+05, 9.065e+00
4.6201e+09, 3.973e+07, 3.378e+07, 3.421e+07, 1.080e+05, 1.467e+06, 4.490e+04, 2.883e+06, 5.679e+04, 1.647e+06, 9.277e-02, nan, 1.200e+05, 9.065e+00
4.6485e+09, 3.973e+07, 3.378e+07, 3.424e+07, 1.076e+05, 1.469e+06, 4.491e+04, 2.884e+06, 5.683e+04, 1.649e+06, 9.376e-02, nan, 1.200e+05, 9.065e+00
4.6800e+09, 3.973e+07, 3.377e+07, 3.428e+07, 1.087e+05, 1.472e+06, 4.493e+04, 2.884e+06, 5.984e+04, 1.652e+06, 9.693e-02, nan, 1.200e+05, 9.065e+00
4.7052e+09, 3.973e+07, 3.377e+07, 3.433e+07, 1.100e+05, 1.474e+06, 4.494e+04, 2.877e+06, 6.867e+04, 1.656e+06, 1.008e-01, nan, 1.200e+05, 9.065e+00
4.7304e+09, 3.973e+07, 3.377e+07, 3.436e+07, 1.138e+05, 1.477e+06, 4.496e+04, 2.880e+06, 6.695e+04, 1.659e+06, 1.033e-01, nan, 1.200e+05, 9.065e+00
4.7620e+09, 3.973e+07, 3.377e+07, 3.439e+07, 1.132e+05, 1.481e+06, 4.497e+04, 2.885e+06, 6.318e+04, 1.662e+06, 1.058e-01, nan, 1.201e+05, 9.065e+00
4.7935e+09, 3.972e+07, 3.377e+07, 3.443e+07, 1.196e+05, 1.485e+06, 4.498e+04, 2.880e+06, 6.810e+04, 1.667e+06, 1.097e-01, nan, 1.201e+05, 9.065e+00
4.8251e+09, 3.972e+07, 3.377e+07, 3.447e+07, 1.256e+05, 1.488e+06, 4.500e+04, 2.878e+06, 7.044e+04, 1.671e+06, 1.137e-01, nan, 1.201e+05, 9.065e+00
4.8566e+09, 3.972e+07, 3.376e+07, 3.450e+07, 1.294e+05, 1.493e+06, 4.502e+04, 2.880e+06, 6.761e+04, 1.676e+06, 1.177e-01, nan, 1.201e+05, 9.065e+00
4.8881e+09, 3.972e+07, 3.376e+07, 3.455e+07, 1.142e+05, 1.498e+06, 4.503e+04, 2.875e+06, 7.194e+04, 1.680e+06, 1.217e-01, nan, 1.201e+05, 9.065e+00
4.9196e+09, 3.972e+07, 3.376e+07, 3.458e+07, 1.216e+05, 1.504e+06, 4.505e+04, 2.877e+06, 6.870e+04, 1.684e+06, 1.258e-01, nan, 1.202e+05, 9.065e+00
4.9512e+09, 3.972e+07, 3.376e+07, 3.461e+07, 1.308e+05, 1.510e+06, 4.507e+04, 2.870e+06, 7.366e+04, 1.689e+06, 1.298e-01, nan, 1.202e+05, 9.065e+00
4.9828e+09, 3.972e+07, 3.376e+07, 3.463e+07, 1.336e+05, 1.516e+06, 4.508e+04, 2.869e+06, 7.444e+04, 1.693e+06, 1.338e-01, nan, 1.202e+05, 9.065e+00
5.0143e+09, 3.971e+07, 3.375e+07, 3.467e+07, 1.302e+05, 1.522e+06, 4.510e+04, 2.867e+06, 7.385e+04, 1.697e+06, 1.378e-01, nan, 1.202e+05, 9.065e+00
5.0458e+09, 3.971e+07, 3.375e+07, 3.469e+07, 1.364e+05, 1.529e+06, 4.511e+04, 2.870e+06, 6.893e+04, 1.701e+06, 1.417e-01, nan, 1.202e+05, 9.065e+00
5.0773e+09, 3.971e+07, 3.375e+07, 3.471e+07, 1.410e+05, 1.537e+06, 4.513e+04, 2.867e+06, 6.996e+04, 1.704e+06, 1.455e-01, nan, 1.203e+05, 9.065e+00
5.1089e+09, 3.971e+07, 3.375e+07, 3.473e+07, 1.499e+05, 1.542e+06, 4.515e+04, 2.865e+06, 6.823e+04, 1.709e+06, 1.494e-01, nan, 1.203e+05, 9.065e+00
5.1404e+09, 3.971e+07, 3.375e+07, 3.475e+07, 1.619e+05, 1.547e+06, 4.516e+04, 2.861e+06, 6.960e+04, 1.713e+06, 1.531e-01, nan, 1.203e+05, 9.065e+00
5.1719e+09, 3.971e+07, 3.375e+07, 3.478e+07, 1.538e+05, 1.552e+06, 4.518e+04, 2.861e+06, 6.648e+04, 1.717e+06, 1.567e-01, nan, 1.203e+05, 9.065e+00
5.2034e+09, 3.970e+07, 3.374e+07, 3.482e+07, 1.385e+05, 1.558e+06, 4.520e+04, 2.857e+06, 6.660e+04, 1.722e+06, 1.603e-01, nan, 1.204e+05, 9.065e+00
5.2350e+09, 3.970e+07, 3.374e+07, 3.485e+07, 1.333e+05, 1.564e+06, 4.522e+04, 2.856e+06, 6.431e+04, 1.725e+06, 1.636e-01, nan, 1.204e+05, 9.065e+00
5.2666e+09, 3.970e+07, 3.374e+07, 3.488e+07, 1.347e+05, 1.571e+06, 4.523e+04, 2.854e+06, 6.353e+04, 1.728e+06, 1.668e-01, nan, 1.204e+05, 9.065e+00
5.2981e+09, 3.970e+07, 3.374e+07, 3.490e+07, 1.342e+05, 1.578e+06, 4.525e+04, 2.849e+06, 6.447e+04, 1.732e+06, 1.698e-01, nan, 1.204e+05, 9.065e+00
5.3296e+09, 3.970e+07, 3.374e+07, 3.492e+07, 1.357e+05, 1.582e+06, 4.527e+04, 2.842e+06, 6.855e+04, 1.735e+06, 1.724e-01, nan, 1.205e+05, 9.065e+00
5.3611e+09, 3.970e+07, 3.374e+07, 3.494e+07, 1.363e+05, 1.589e+06, 4.528e+04, 2.838e+06, 6.939e+04, 1.738e+06, 1.746e-01, nan, 1.205e+05, 9.065e+00
5.3927e+09, 3.970e+07, 3.373e+07, 3.496e+07, 1.407e+05, 1.594e+06, 4.530e+04, 2.836e+06, 6.752e+04, 1.742e+06, 1.786e-01, nan, 1.205e+05, 9.065e+00
5.4242e+09, 3.969e+07, 3.373e+07, 3.499e+07, 1.403e+05, 1.599e+06, 4.532e+04, 2.827e+06, 7.315e+04, 1.744e+06, 1.830e-01, nan, 1.205e+05, 9.065e+00
5.4558e+09, 3.969e+07, 3.373e+07, 3.502e+07, 1.346e+05, 1.605e+06, 4.533e+04, 2.831e+06, 6.556e+04, 1.747e+06, 1.872e-01, nan, 1.205e+05, 9.065e+00
5.4873e+09, 3.969e+07, 3.373e+07, 3.504e+07, 1.319e+05, 1.610e+06, 4.535e+04, 2.827e+06, 6.557e+04, 1.751e+06, 1.902e-01, nan, 1.206e+05, 9.065e+00
5.5188e+09, 3.969e+07, 3.373e+07, 3.506e+07, 1.342e+05, 1.614e+06, 4.537e+04, 2.821e+06, 6.828e+04, 1.753e+06, 1.944e-01, nan, 1.206e+05, 9.065e+00
5.5504e+09, 3.969e+07, 3.373e+07, 3.508e+07, 1.342e+05, 1.618e+06, 4.538e+04, 2.821e+06, 6.447e+04, 1.756e+06, 1.987e-01, nan, 1.206e+05, 9.065e+00
5.5819e+09, 3.969e+07, 3.372e+07, 3.512e+07, 1.269e+05, 1.622e+06, 4.540e+04, 2.817e+06, 6.375e+04, 1.760e+06, 2.031e-01, nan, 1.206e+05, 9.065e+00
5.6135e+09, 3.969e+07, 3.372e+07, 3.515e+07, 1.101e+05, 1.627e+06, 4.542e+04, 2.813e+06, 6.359e+04, 1.763e+06, 2.075e-01, nan, 1.207e+05, 9.065e+00
5.6450e+09, 3.969e+07, 3.372e+07, 3.518e+07, 1.055e+05, 1.633e+06, 4.543e+04, 2.810e+06, 6.157e+04, 1.766e+06, 2.121e-01, nan, 1.207e+05, 9.065e+00
5.6765e+09, 3.968e+07, 3.372e+07, 3.520e+07, 1.090e+05, 1.638e+06, 4.545e+04, 2.807e+06, 6.069e+04, 1.770e+06, 2.166e-01, nan, 1.207e+05, 9.065e+00
5.7080e+09, 3.968e+07, 3.372e+07, 3.522e+07, 1.128e+05, 1.643e+06, 4.547e+04, 2.800e+06, 6.302e+04, 1.772e+06, 2.212e-01, nan, 1.208e+05, 9.065e+00
5.7396e+09, 3.968e+07, 3.372e+07, 3.524e+07, 1.124e+05, 1.649e+06, 4.549e+04, 2.796e+06, 6.416e+04, 1.775e+06, 2.258e-01, nan, 1.208e+05, 9.065e+00
5.7712e+09, 3.968e+07, 3.372e+07, 3.526e+07, 1.098e+05, 1.654e+06, 4.550e+04, 2.796e+06, 6.033e+04, 1.777e+06, 2.304e-01, nan, 1.208e+05, 9.065e+00
5.8027e+09, 3.968e+07, 3.371e+07, 3.529e+07, 1.070e+05, 1.660e+06, 4.552e+04, 2.792e+06, 6.001e+04, 1.780e+06, 2.350e-01, nan, 1.208e+05, 9.065e+00
5.8342e+09, 3.968e+07, 3.371e+07, 3.531e+07, 1.064e+05, 1.665e+06, 4.554e+04, 2.786e+06, 6.258e+04, 1.782e+06, 2.385e-01, nan, 1.209e+05, 9.065e+00
5.8657e+09, 3.968e+07, 3.371e+07, 3.533e+07, 1.063e+05, 1.671e+06, 4.555e+04, 2.781e+06, 6.359e+04, 1.784e+06, 2.430e-01, nan, 1.209e+05, 9.065e+00
5.8973e+09, 3.968e+07, 3.371e+07, 3.535e+07, 1.090e+05, 1.677e+06, 4.557e+04, 2.779e+06, 6.076e+04, 1.787e+06, 2.476e-01, nan, 1.209e+05, 9.065e+00
5.9288e+09, 3.967e+07, 3.371e+07, 3.537e+07, 1.167e+05, 1.684e+06, 4.559e+04, 2.773e+06, 6.276e+04, 1.790e+06, 2.522e-01, nan, 1.209e+05, 9.065e+00
5.9603e+09, 3.967e+07, 3.371e+07, 3.538e+07, 1.176e+05, 1.692e+06, 4.560e+04, 2.760e+06, 7.170e+04, 1.792e+06, 2.570e-01, nan, 1.210e+05, 9.065e+00
5.9918e+09, 3.967e+07, 3.370e+07, 3.541e+07, 1.170e+05, 1.698e+06, 4.562e+04, 2.760e+06, 6.728e+04, 1.794e+06, 2.617e-01, nan, 1.210e+05, 9.065e+00
6.0234e+09, 3.967e+07, 3.370e+07, 3.543e+07, 1.161e+05, 1.703e+06, 4.564e+04, 2.755e+06, 6.820e+04, 1.797e+06, 2.666e-01, nan, 1.210e+05, 9.065e+00
6.0550e+09, 3.967e+07, 3.370e+07, 3.545e+07, 1.166e+05, 1.707e+06, 4.566e+04, 2.749e+06, 7.093e+04, 1.799e+06, 2.714e-01, nan, 1.210e+05, 9.065e+00
6.0865e+09, 3.967e+07, 3.370e+07, 3.548e+07, 1.128e+05, 1.712e+06, 4.567e+04, 2.746e+06, 6.981e+04, 1.801e+06, 2.763e-01, nan, 1.211e+05, 9.065e+00
6.1180e+09, 3.967e+07, 3.370e+07, 3.551e+07, 1.055e+05, 1.717e+06, 4.569e+04, 2.746e+06, 6.609e+04, 1.803e+06, 2.812e-01, nan, 1.211e+05, 9.065e+00
6.1495e+09, 3.967e+07, 3.370e+07, 3.553e+07, 1.024e+05, 1.723e+06, 4.571e+04, 2.736e+06, 7.147e+04, 1.805e+06, 2.861e-01, nan, 1.211e+05, 9.065e+00
6.1811e+09, 3.966e+07, 3.370e+07, 3.555e+07, 1.049e+05, 1.728e+06, 4.572e+04, 2.735e+06, 6.951e+04, 1.807e+06, 2.910e-01, nan, 1.212e+05, 9.065e+00
6.2126e+09, 3.966e+07, 3.370e+07, 3.557e+07, 1.054e+05, 1.733e+06, 4.574e+04, 2.733e+06, 6.768e+04, 1.809e+06, 2.947e-01, nan, 1.212e+05, 9.065e+00
6.2442e+09, 3.966e+07, 3.369e+07, 3.560e+07, 1.026e+05, 1.737e+06, 4.576e+04, 2.725e+06, 7.117e+04, 1.811e+06, 2.995e-01, nan, 1.212e+05, 9.065e+00
6.2757e+09, 3.966e+07, 3.369e+07, 3.562e+07, 9.892e+04, 1.743e+06, 4.577e+04, 2.722e+06, 7.000e+04, 1.813e+06, 3.044e-01, nan, 1.212e+05, 9.065e+00
6.3072e+09, 3.966e+07, 3.369e+07, 3.564e+07, 9.752e+04, 1.748e+06, 4.579e+04, 2.717e+06, 7.105e+04, 1.816e+06, 3.093e-01, nan, 1.213e+05, 9.065e+00
6.3388e+09, 3.966e+07, 3.369e+07, 3.566e+07, 9.611e+04, 1.754e+06, 4.581e+04, 2.715e+06, 6.890e+04, 1.817e+06, 3.143e-01, nan, 1.213e+05, 9.065e+00
6.3703e+09, 3.966e+07, 3.369e+07, 3.568e+07, 9.558e+04, 1.760e+06, 4.583e+04, 2.711e+06, 6.829e+04, 1.819e+06, 3.193e-01, nan, 1.213e+05, 9.065e+00
6.4019e+09, 3.966e+07, 3.369e+07, 3.570e+07, 9.088e+04, 1.765e+06, 4.584e+04, 2.700e+06, 7.558e+04, 1.821e+06, 3.244e-01, nan, 1.213e+05, 9.065e+00
6.4334e+09, 3.965e+07, 3.369e+07, 3.572e+07, 9.413e+04, 1.771e+06, 4.586e+04, 2.698e+06, 7.307e+04, 1.824e+06, 3.296e-01, nan, 1.214e+05, 9.065e+00
6.4649e+09, 3.965e+07, 3.369e+07, 3.574e+07, 9.041e+04, 1.776e+06, 4.588e+04, 2.688e+06, 7.965e+04, 1.825e+06, 3.348e-01, nan, 1.214e+05, 9.065e+00
6.4964e+09, 3.965e+07, 3.368e+07, 3.576e+07, 8.912e+04, 1.783e+06, 4.589e+04, 2.687e+06, 7.778e+04, 1.826e+06, 3.400e-01, nan, 1.214e+05, 9.065e+00
6.5280e+09, 3.965e+07, 3.368e+07, 3.577e+07, 8.915e+04, 1.788e+06, 4.591e+04, 2.677e+06, 8.328e+04, 1.827e+06, 3.452e-01, nan, 1.215e+05, 9.065e+00
6.5596e+09, 3.965e+07, 3.368e+07, 3.579e+07, 8.600e+04, 1.794e+06, 4.593e+04, 2.670e+06, 8.627e+04, 1.829e+06, 3.505e-01, nan, 1.215e+05, 9.065e+00
6.5911e+09, 3.965e+07, 3.368e+07, 3.581e+07, 8.414e+04, 1.800e+06, 4.595e+04, 2.667e+06, 8.618e+04, 1.831e+06, 3.558e-01, nan, 1.215e+05, 9.065e+00
6.6226e+09, 3.965e+07, 3.368e+07, 3.582e+07, 8.339e+04, 1.806e+06, 4.596e+04, 2.660e+06, 8.991e+04, 1.832e+06, 3.610e-01, nan, 1.216e+05, 9.065e+00
6.6541e+09, 3.965e+07, 3.368e+07, 3.583e+07, 8.596e+04, 1.812e+06, 4.598e+04, 2.656e+06, 8.951e+04, 1.833e+06, 3.663e-01, nan, 1.216e+05, 9.065e+00
6.6857e+09, 3.965e+07, 3.368e+07, 3.585e+07, 8.254e+04, 1.818e+06, 4.600e+04, 2.653e+06, 8.844e+04, 1.835e+06, 3.715e-01, nan, 1.216e+05, 9.065e+00
6.7172e+09, 3.964e+07, 3.368e+07, 3.586e+07, 8.349e+04, 1.824e+06, 4.601e+04, 2.642e+06, 9.565e+04, 1.837e+06, 3.753e-01, nan, 1.216e+05, 9.065e+00
6.7487e+09, 3.964e+07, 3.367e+07, 3.587e+07, 8.303e+04, 1.831e+06, 4.603e+04, 2.641e+06, 9.367e+04, 1.838e+06, 3.806e-01, nan, 1.217e+05, 9.065e+00
6.7802e+09, 3.964e+07, 3.367e+07, 3.589e+07, 7.947e+04, 1.837e+06, 4.605e+04, 2.638e+06, 9.318e+04, 1.839e+06, 3.859e-01, nan, 1.217e+05, 9.065e+00
6.8118e+09, 3.964e+07, 3.367e+07, 3.590e+07, 7.941e+04, 1.843e+06, 4.606e+04, 2.633e+06, 9.460e+04, 1.840e+06, 3.912e-01, nan, 1.217e+05, 9.065e+00
6.8434e+09, 3.964e+07, 3.367e+07, 3.591e+07, 7.730e+04, 1.851e+06, 4.608e+04, 2.629e+06, 9.391e+04, 1.842e+06, 3.965e-01, nan, 1.218e+05, 9.065e+00
6.8749e+09, 3.964e+07, 3.367e+07, 3.592e+07, 7.961e+04, 1.857e+06, 4.610e+04, 2.627e+06, 9.150e+04, 1.844e+06, 4.020e-01, nan, 1.218e+05, 9.065e+00
6.9064e+09, 3.964e+07, 3.367e+07, 3.593e+07, 7.785e+04, 1.863e+06, 4.612e+04, 2.617e+06, 9.772e+04, 1.845e+06, 4.074e-01, nan, 1.218e+05, 9.065e+00
6.9379e+09, 3.964e+07, 3.367e+07, 3.595e+07, 7.657e+04, 1.869e+06, 4.613e+04, 2.616e+06, 9.555e+04, 1.846e+06, 4.129e-01, nan, 1.219e+05, 9.065e+00
6.9695e+09, 3.964e+07, 3.367e+07, 3.596e+07, 7.509e+04, 1.876e+06, 4.615e+04, 2.608e+06, 9.969e+04, 1.848e+06, 4.185e-01, nan, 1.219e+05, 9.065e+00
7.0010e+09, 3.963e+07, 3.367e+07, 3.597e+07, 7.551e+04, 1.883e+06, 4.617e+04, 2.605e+06, 9.902e+04, 1.849e+06, 4.241e-01, nan, 1.219e+05, 9.065e+00
7.0326e+09, 3.963e+07, 3.366e+07, 3.597e+07, 7.694e+04, 1.889e+06, 4.618e+04, 2.602e+06, 9.803e+04, 1.851e+06, 4.299e-01, nan, 1.220e+05, 9.065e+00
7.0641e+09, 3.963e+07, 3.366e+07, 3.598e+07, 7.609e+04, 1.896e+06, 4.620e+04, 2.595e+06, 1.017e+05, 1.852e+06, 4.355e-01, nan, 1.220e+05, 9.065e+00
7.0798e+09, 3.963e+07, 3.366e+07, 3.599e+07, 7.648e+04, 1.902e+06, 4.622e+04, 2.593e+06, 1.002e+05, 1.853e+06, 4.411e-01, nan, 1.220e+05, 9.065e+00
7.0956e+09, 3.963e+07, 3.366e+07, 3.600e+07, 7.528e+04, 1.905e+06, 4.623e+04, 2.594e+06, 9.679e+04, 1.853e+06, 4.427e-01, nan, 1.220e+05, 9.065e+00
7.1272e+09, 3.963e+07, 3.366e+07, 3.600e+07, 7.450e+04, 1.909e+06, 4.624e+04, 2.594e+06, 9.518e+04, 1.854e+06, 4.442e-01, nan, 1.220e+05, 9.065e+00
7.1587e+09, 3.963e+07, 3.366e+07, 3.601e+07, 7.545e+04, 1.915e+06, 4.625e+04, 2.591e+06, 9.375e+04, 1.856e+06, 4.500e-01, nan, 1.221e+05, 9.065e+00
7.1903e+09, 3.963e+07, 3.366e+07, 3.602e+07, 7.701e+04, 1.921e+06, 4.627e+04, 2.588e+06, 9.224e+04, 1.858e+06, 4.559e-01, nan, 1.221e+05, 9.065e+00
7.2218e+09, 3.963e+07, 3.366e+07, 3.603e+07, 7.639e+04, 1.926e+06, 4.629e+04, 2.583e+06, 9.379e+04, 1.859e+06, 4.617e-01, nan, 1.221e+05, 9.065e+00
7.2533e+09, 3.962e+07, 3.366e+07, 3.603e+07, 7.787e+04, 1.932e+06, 4.630e+04, 2.582e+06, 9.093e+04, 1.860e+06, 4.674e-01, nan, 1.222e+05, 9.065e+00
7.2848e+09, 3.962e+07, 3.366e+07, 3.604e+07, 7.674e+04, 1.938e+06, 4.632e+04, 2.583e+06, 8.578e+04, 1.862e+06, 4.732e-01, nan, 1.222e+05, 9.065e+00
7.3164e+09, 3.962e+07, 3.365e+07, 3.605e+07, 7.820e+04, 1.944e+06, 4.634e+04, 2.582e+06, 8.232e+04, 1.863e+06, 4.791e-01, nan, 1.222e+05, 9.065e+00
7.3480e+09, 3.962e+07, 3.365e+07, 3.606e+07, 7.500e+04, 1.950e+06, 4.636e+04, 2.579e+06, 8.089e+04, 1.865e+06, 4.852e-01, nan, 1.223e+05, 9.065e+00
7.3795e+09, 3.962e+07, 3.365e+07, 3.606e+07, 7.859e+04, 1.955e+06, 4.637e+04, 2.574e+06, 8.208e+04, 1.867e+06, 4.912e-01, nan, 1.223e+05, 9.065e+00
7.4110e+09, 3.962e+07, 3.365e+07, 3.606e+07, 7.980e+04, 1.962e+06, 4.639e+04, 2.569e+06, 8.364e+04, 1.868e+06, 4.973e-01, nan, 1.223e+05, 9.065e+00
7.4425e+09, 3.962e+07, 3.365e+07, 3.607e+07, 7.875e+04, 1.967e+06, 4.641e+04, 2.568e+06, 8.101e+04, 1.869e+06, 5.033e-01, nan, 1.224e+05, 9.065e+00
7.4741e+09, 3.962e+07, 3.365e+07, 3.608e+07, 7.765e+04, 1.974e+06, 4.643e+04, 2.569e+06, 7.609e+04, 1.870e+06, 5.088e-01, nan, 1.224e+05, 9.065e+00
7.5056e+09, 3.962e+07, 3.365e+07, 3.608e+07, 7.909e+04, 1.979e+06, 4.644e+04, 2.560e+06, 8.173e+04, 1.871e+06, 5.149e-01, nan, 1.224e+05, 9.065e+00
7.5371e+09, 3.961e+07, 3.365e+07, 3.609e+07, 8.079e+04, 1.985e+06, 4.646e+04, 2.552e+06, 8.539e+04, 1.873e+06, 5.211e-01, nan, 1.225e+05, 9.065e+00
7.5686e+09, 3.961e+07, 3.364e+07, 3.610e+07, 7.817e+04, 1.990e+06, 4.648e+04, 2.549e+06, 8.457e+04, 1.874e+06, 5.273e-01, nan, 1.225e+05, 9.065e+00
7.6002e+09, 3.961e+07, 3.364e+07, 3.610e+07, 8.002e+04, 1.996e+06, 4.649e+04, 2.550e+06, 8.018e+04, 1.875e+06, 5.335e-01, nan, 1.225e+05, 9.065e+00
7.6318e+09, 3.961e+07, 3.364e+07, 3.611e+07, 7.695e+04, 2.002e+06, 4.651e+04, 2.543e+06, 8.356e+04, 1.875e+06, 5.397e-01, nan, 1.226e+05, 9.065e+00
7.6633e+09, 3.961e+07, 3.364e+07, 3.611e+07, 7.581e+04, 2.008e+06, 4.653e+04, 2.540e+06, 8.293e+04, 1.876e+06, 5.452e-01, nan, 1.226e+05, 9.065e+00
7.6948e+09, 3.961e+07, 3.364e+07, 3.611e+07, 8.190e+04, 2.014e+06, 4.655e+04, 2.536e+06, 8.373e+04, 1.877e+06, 5.514e-01, nan, 1.226e+05, 9.065e+00
7.7263e+09, 3.961e+07, 3.364e+07, 3.611e+07, 8.592e+04, 2.020e+06, 4.656e+04, 2.532e+06, 8.340e+04, 1.879e+06, 5.576e-01, nan, 1.227e+05, 9.065e+00
7.7579e+09, 3.961e+07, 3.364e+07, 3.612e+07, 8.490e+04, 2.026e+06, 4.658e+04, 2.528e+06, 8.492e+04, 1.879e+06, 5.636e-01, nan, 1.227e+05, 9.065e+00
7.7894e+09, 3.961e+07, 3.364e+07, 3.612e+07, 8.582e+04, 2.032e+06, 4.660e+04, 2.525e+06, 8.470e+04, 1.880e+06, 5.689e-01, nan, 1.228e+05, 9.065e+00
7.8210e+09, 3.961e+07, 3.364e+07, 3.612e+07, 8.734e+04, 2.038e+06, 4.662e+04, 2.516e+06, 9.056e+04, 1.880e+06, 5.733e-01, nan, 1.228e+05, 9.065e+00
7.8525e+09, 3.960e+07, 3.364e+07, 3.613e+07, 8.672e+04, 2.044e+06, 4.663e+04, 2.514e+06, 8.963e+04, 1.881e+06, 5.783e-01, nan, 1.228e+05, 9.065e+00
7.8840e+09, 3.960e+07, 3.363e+07, 3.613e+07, 8.654e+04, 2.049e+06, 4.665e+04, 2.513e+06, 8.673e+04, 1.881e+06, 5.844e-01, nan, 1.229e+05, 9.065e+00
7.9156e+09, 3.960e+07, 3.363e+07, 3.613e+07, 8.571e+04, 2.055e+06, 4.667e+04, 2.505e+06, 9.168e+04, 1.882e+06, 5.906e-01, nan, 1.229e+05, 9.065e+00
7.9471e+09, 3.960e+07, 3.363e+07, 3.614e+07, 8.419e+04, 2.061e+06, 4.668e+04, 2.500e+06, 9.302e+04, 1.883e+06, 5.969e-01, nan, 1.229e+05, 9.065e+00
7.9787e+09, 3.960e+07, 3.363e+07, 3.614e+07, 8.346e+04, 2.067e+06, 4.670e+04, 2.497e+06, 9.232e+04, 1.884e+06, 6.033e-01, nan, 1.230e+05, 9.065e+00
8.0102e+09, 3.960e+07, 3.363e+07, 3.614e+07, 8.745e+04, 2.073e+06, 4.672e+04, 2.495e+06, 9.108e+04, 1.885e+06, 6.096e-01, nan, 1.230e+05, 9.065e+00
8.0417e+09, 3.960e+07, 3.363e+07, 3.614e+07, 8.659e+04, 2.079e+06, 4.674e+04, 2.494e+06, 8.813e+04, 1.886e+06, 6.152e-01, nan, 1.231e+05, 9.065e+00
8.0732e+09, 3.960e+07, 3.363e+07, 3.615e+07, 8.555e+04, 2.085e+06, 4.675e+04, 2.491e+06, 8.747e+04, 1.886e+06, 6.214e-01, nan, 1.231e+05, 9.065e+00
8.1048e+09, 3.960e+07, 3.363e+07, 3.615e+07, 8.412e+04, 2.091e+06, 4.677e+04, 2.483e+06, 9.270e+04, 1.887e+06, 6.277e-01, nan, 1.231e+05, 9.065e+00
8.1364e+09, 3.960e+07, 3.363e+07, 3.615e+07, 8.334e+04, 2.097e+06, 4.679e+04, 2.477e+06, 9.455e+04, 1.888e+06, 6.341e-01, nan, 1.232e+05, 9.065e+00
8.1679e+09, 3.959e+07, 3.362e+07, 3.616e+07, 8.277e+04, 2.103e+06, 4.681e+04, 2.472e+06, 9.625e+04, 1.889e+06, 6.405e-01, nan, 1.232e+05, 9.065e+00
8.1994e+09, 3.959e+07, 3.362e+07, 3.616e+07, 8.453e+04, 2.109e+06, 4.682e+04, 2.469e+06, 9.567e+04, 1.889e+06, 6.469e-01, nan, 1.233e+05, 9.065e+00
8.2309e+09, 3.959e+07, 3.362e+07, 3.616e+07, 8.364e+04, 2.115e+06, 4.684e+04, 2.463e+06, 9.922e+04, 1.890e+06, 6.533e-01, nan, 1.233e+05, 9.065e+00
8.2625e+09, 3.959e+07, 3.362e+07, 3.617e+07, 7.998e+04, 2.121e+06, 4.686e+04, 2.460e+06, 9.784e+04, 1.891e+06, 6.590e-01, nan, 1.233e+05, 9.065e+00
8.2940e+09, 3.959e+07, 3.362e+07, 3.617e+07, 8.144e+04, 2.127e+06, 4.687e+04, 2.460e+06, 9.445e+04, 1.892e+06, 6.653e-01, nan, 1.234e+05, 9.065e+00
8.3255e+09, 3.959e+07, 3.362e+07, 3.617e+07, 8.275e+04, 2.134e+06, 4.689e+04, 2.458e+06, 9.310e+04, 1.893e+06, 6.717e-01, nan, 1.234e+05, 9.065e+00
8.3570e+09, 3.959e+07, 3.362e+07, 3.617e+07, 7.945e+04, 2.140e+06, 4.691e+04, 2.457e+06, 8.976e+04, 1.894e+06, 6.782e-01, nan, 1.235e+05, 9.065e+00
8.3886e+09, 3.959e+07, 3.362e+07, 3.617e+07, 7.831e+04, 2.146e+06, 4.693e+04, 2.452e+06, 9.111e+04, 1.895e+06, 6.847e-01, nan, 1.235e+05, 9.065e+00
8.4202e+09, 3.959e+07, 3.362e+07, 3.617e+07, 8.209e+04, 2.152e+06, 4.694e+04, 2.450e+06, 9.053e+04, 1.895e+06, 6.912e-01, nan, 1.235e+05, 9.065e+00
8.4517e+09, 3.958e+07, 3.362e+07, 3.617e+07, 8.383e+04, 2.158e+06, 4.696e+04, 2.440e+06, 9.673e+04, 1.896e+06, 6.977e-01, nan, 1.236e+05, 9.065e+00
8.4832e+09, 3.958e+07, 3.361e+07, 3.617e+07, 8.309e+04, 2.164e+06, 4.698e+04, 2.437e+06, 9.625e+04, 1.896e+06, 7.035e-01, nan, 1.236e+05, 9.065e+00
8.5147e+09, 3.958e+07, 3.361e+07, 3.618e+07, 8.199e+04, 2.170e+06, 4.700e+04, 2.435e+06, 9.565e+04, 1.897e+06, 7.099e-01, nan, 1.237e+05, 9.065e+00
8.5463e+09, 3.958e+07, 3.361e+07, 3.617e+07, 8.370e+04, 2.176e+06, 4.701e+04, 2.430e+06, 9.635e+04, 1.898e+06, 7.164e-01, nan, 1.237e+05, 9.065e+00
8.5778e+09, 3.958e+07, 3.361e+07, 3.617e+07, 8.547e+04, 2.182e+06, 4.703e+04, 2.428e+06, 9.516e+04, 1.899e+06, 7.230e-01, nan, 1.237e+05, 9.065e+00
8.6094e+09, 3.958e+07, 3.361e+07, 3.618e+07, 8.280e+04, 2.187e+06, 4.705e+04, 2.423e+06, 9.633e+04, 1.899e+06, 7.296e-01, nan, 1.238e+05, 9.065e+00
8.6409e+09, 3.958e+07, 3.361e+07, 3.618e+07, 8.202e+04, 2.193e+06, 4.707e+04, 2.423e+06, 9.375e+04, 1.900e+06, 7.362e-01, nan, 1.238e+05, 9.065e+00
8.6724e+09, 3.958e+07, 3.361e+07, 3.618e+07, 7.821e+04, 2.200e+06, 4.708e+04, 2.422e+06, 9.134e+04, 1.900e+06, 7.428e-01, nan, 1.239e+05, 9.065e+00
8.7040e+09, 3.958e+07, 3.361e+07, 3.618e+07, 7.696e+04, 2.206e+06, 4.710e+04, 2.413e+06, 9.734e+04, 1.900e+06, 7.486e-01, nan, 1.239e+05, 9.065e+00
8.7355e+09, 3.958e+07, 3.361e+07, 3.618e+07, 8.095e+04, 2.212e+06, 4.712e+04, 2.408e+06, 9.922e+04, 1.901e+06, 7.552e-01, nan, 1.240e+05, 9.065e+00
8.7671e+09, 3.958e+07, 3.361e+07, 3.618e+07, 8.161e+04, 2.217e+06, 4.713e+04, 2.401e+06, 1.026e+05, 1.901e+06, 7.618e-01, nan, 1.240e+05, 9.065e+00
8.7986e+09, 3.957e+07, 3.360e+07, 3.619e+07, 7.924e+04, 2.223e+06, 4.715e+04, 2.396e+06, 1.045e+05, 1.902e+06, 7.684e-01, nan, 1.240e+05, 9.065e+00
8.8301e+09, 3.957e+07, 3.360e+07, 3.619e+07, 7.587e+04, 2.228e+06, 4.717e+04, 2.392e+06, 1.041e+05, 1.903e+06, 7.751e-01, nan, 1.241e+05, 9.065e+00
8.8616e+09, 3.957e+07, 3.360e+07, 3.619e+07, 7.437e+04, 2.235e+06, 4.719e+04, 2.392e+06, 1.016e+05, 1.903e+06, 7.818e-01, nan, 1.241e+05, 9.065e+00
8.8932e+09, 3.957e+07, 3.360e+07, 3.619e+07, 7.295e+04, 2.241e+06, 4.720e+04, 2.389e+06, 1.010e+05, 1.904e+06, 7.886e-01, nan, 1.242e+05, 9.064e+00
8.9248e+09, 3.957e+07, 3.360e+07, 3.619e+07, 7.055e+04, 2.247e+06, 4.722e+04, 2.384e+06, 1.027e+05, 1.904e+06, 7.951e-01, nan, 1.242e+05, 9.064e+00
8.9563e+09, 3.957e+07, 3.360e+07, 3.619e+07, 7.279e+04, 2.253e+06, 4.724e+04, 2.384e+06, 9.967e+04, 1.904e+06, 8.012e-01, nan, 1.243e+05, 9.064e+00
8.9878e+09, 3.957e+07, 3.360e+07, 3.620e+07, 7.010e+04, 2.258e+06, 4.726e+04, 2.381e+06, 9.888e+04, 1.905e+06, 8.078e-01, nan, 1.243e+05, 9.064e+00
9.0193e+09, 3.957e+07, 3.360e+07, 3.620e+07, 6.662e+04, 2.264e+06, 4.727e+04, 2.379e+06, 9.749e+04, 1.906e+06, 8.145e-01, nan, 1.243e+05, 9.064e+00
9.0509e+09, 3.957e+07, 3.360e+07, 3.620e+07, 6.561e+04, 2.270e+06, 4.729e+04, 2.374e+06, 9.790e+04, 1.907e+06, 8.213e-01, nan, 1.244e+05, 9.064e+00
9.0824e+09, 3.957e+07, 3.360e+07, 3.620e+07, 6.740e+04, 2.276e+06, 4.731e+04, 2.372e+06, 9.675e+04, 1.908e+06, 8.282e-01, nan, 1.244e+05, 9.064e+00
9.1139e+09, 3.957e+07, 3.360e+07, 3.619e+07, 6.920e+04, 2.282e+06, 4.733e+04, 2.365e+06, 1.001e+05, 1.909e+06, 8.350e-01, nan, 1.245e+05, 9.064e+00
9.1454e+09, 3.956e+07, 3.359e+07, 3.620e+07, 6.667e+04, 2.288e+06, 4.734e+04, 2.362e+06, 9.941e+04, 1.909e+06, 8.418e-01, nan, 1.245e+05, 9.064e+00
9.1770e+09, 3.956e+07, 3.359e+07, 3.620e+07, 6.667e+04, 2.294e+06, 4.736e+04, 2.359e+06, 9.900e+04, 1.910e+06, 8.479e-01, nan, 1.246e+05, 9.064e+00
9.2086e+09, 3.956e+07, 3.359e+07, 3.620e+07, 6.661e+04, 2.300e+06, 4.738e+04, 2.359e+06, 9.580e+04, 1.910e+06, 8.546e-01, nan, 1.246e+05, 9.064e+00
9.2401e+09, 3.956e+07, 3.359e+07, 3.619e+07, 6.907e+04, 2.306e+06, 4.740e+04, 2.359e+06, 9.259e+04, 1.911e+06, 8.614e-01, nan, 1.247e+05, 9.064e+00
9.2716e+09, 3.956e+07, 3.359e+07, 3.620e+07, 6.381e+04, 2.312e+06, 4.741e+04, 2.354e+06, 9.313e+04, 1.912e+06, 8.683e-01, nan, 1.247e+05, 9.064e+00
9.3031e+09, 3.956e+07, 3.359e+07, 3.620e+07, 6.534e+04, 2.318e+06, 4.743e+04, 2.352e+06, 9.203e+04, 1.913e+06, 8.752e-01, nan, 1.247e+05, 9.064e+00
9.3347e+09, 3.956e+07, 3.359e+07, 3.620e+07, 6.524e+04, 2.324e+06, 4.745e+04, 2.345e+06, 9.603e+04, 1.913e+06, 8.821e-01, nan, 1.248e+05, 9.064e+00
9.3662e+09, 3.956e+07, 3.359e+07, 3.619e+07, 6.508e+04, 2.330e+06, 4.747e+04, 2.335e+06, 1.030e+05, 1.913e+06, 8.891e-01, nan, 1.248e+05, 9.064e+00
9.3978e+09, 3.956e+07, 3.359e+07, 3.620e+07, 6.253e+04, 2.336e+06, 4.748e+04, 2.331e+06, 1.046e+05, 1.913e+06, 8.961e-01, nan, 1.249e+05, 9.064e+00
9.4293e+09, 3.956e+07, 3.359e+07, 3.620e+07, 6.242e+04, 2.342e+06, 4.750e+04, 2.328e+06, 1.047e+05, 1.913e+06, 9.027e-01, nan, 1.249e+05, 9.064e+00
9.4608e+09, 3.956e+07, 3.359e+07, 3.620e+07, 6.215e+04, 2.348e+06, 4.752e+04, 2.327e+06, 1.019e+05, 1.913e+06, 9.091e-01, nan, 1.250e+05, 9.064e+00
9.4924e+09, 3.955e+07, 3.359e+07, 3.620e+07, 5.958e+04, 2.354e+06, 4.753e+04, 2.325e+06, 1.006e+05, 1.914e+06, 9.160e-01, nan, 1.250e+05, 9.064e+00
9.5239e+09, 3.955e+07, 3.358e+07, 3.620e+07, 5.895e+04, 2.360e+06, 4.755e+04, 2.323e+06, 9.980e+04, 1.914e+06, 9.229e-01, nan, 1.251e+05, 9.064e+00
9.5555e+09, 3.955e+07, 3.358e+07, 3.620e+07, 5.832e+04, 2.366e+06, 4.757e+04, 2.318e+06, 1.014e+05, 1.914e+06, 9.300e-01, nan, 1.251e+05, 9.064e+00
9.5870e+09, 3.955e+07, 3.358e+07, 3.619e+07, 6.034e+04, 2.372e+06, 4.759e+04, 2.315e+06, 1.014e+05, 1.915e+06, 9.371e-01, nan, 1.252e+05, 9.064e+00
9.6185e+09, 3.955e+07, 3.358e+07, 3.620e+07, 5.774e+04, 2.378e+06, 4.760e+04, 2.312e+06, 1.016e+05, 1.915e+06, 9.441e-01, nan, 1.252e+05, 9.064e+00
9.6500e+09, 3.955e+07, 3.358e+07, 3.619e+07, 5.694e+04, 2.384e+06, 4.762e+04, 2.309e+06, 1.013e+05, 1.915e+06, 9.512e-01, nan, 1.253e+05, 9.064e+00
9.6816e+09, 3.955e+07, 3.358e+07, 3.619e+07, 5.615e+04, 2.391e+06, 4.764e+04, 2.302e+06, 1.058e+05, 1.915e+06, 9.583e-01, nan, 1.253e+05, 9.064e+00
9.7132e+09, 3.955e+07, 3.358e+07, 3.619e+07, 5.537e+04, 2.397e+06, 4.766e+04, 2.299e+06, 1.052e+05, 1.915e+06, 9.645e-01, nan, 1.253e+05, 9.064e+00
9.7447e+09, 3.955e+07, 3.358e+07, 3.619e+07, 5.208e+04, 2.404e+06, 4.768e+04, 2.295e+06, 1.063e+05, 1.915e+06, 9.715e-01, nan, 1.254e+05, 9.064e+00
9.7762e+09, 3.955e+07, 3.358e+07, 3.619e+07, 5.597e+04, 2.411e+06, 4.769e+04, 2.290e+06, 1.079e+05, 1.915e+06, 9.786e-01, nan, 1.254e+05, 9.064e+00
9.8077e+09, 3.955e+07, 3.358e+07, 3.619e+07, 5.561e+04, 2.416e+06, 4.771e+04, 2.286e+06, 1.091e+05, 1.916e+06, 9.857e-01, nan, 1.255e+05, 9.064e+00
9.8393e+09, 3.955e+07, 3.358e+07, 3.619e+07, 5.489e+04, 2.423e+06, 4.773e+04, 2.283e+06, 1.086e+05, 1.916e+06, 9.929e-01, nan, 1.255e+05, 9.064e+00
9.8708e+09, 3.954e+07, 3.358e+07, 3.619e+07, 5.160e+04, 2.429e+06, 4.775e+04, 2.278e+06, 1.099e+05, 1.916e+06, 1.000e+00, nan, 1.256e+05, 9.064e+00
9.9023e+09, 3.954e+07, 3.357e+07, 3.619e+07, 5.313e+04, 2.435e+06, 4.776e+04, 2.278e+06, 1.074e+05, 1.917e+06, 1.007e+00, nan, 1.256e+05, 9.064e+00
9.9338e+09, 3.954e+07, 3.357e+07, 3.618e+07, 5.444e+04, 2.441e+06, 4.778e+04, 2.277e+06, 1.049e+05, 1.917e+06, 1.015e+00, nan, 1.257e+05, 9.064e+00
9.9654e+09, 3.954e+07, 3.357e+07, 3.618e+07, 5.593e+04, 2.447e+06, 4.780e+04, 2.274e+06, 1.048e+05, 1.917e+06, 1.022e+00, nan, 1.257e+05, 9.064e+00
9.9970e+09, 3.954e+07, 3.357e+07, 3.618e+07, 5.278e+04, 2.453e+06, 4.782e+04, 2.269e+06, 1.064e+05, 1.917e+06, 1.028e+00, nan, 1.258e+05, 9.064e+00
1.0029e+10, 3.954e+07, 3.357e+07, 3.618e+07, 5.392e+04, 2.459e+06, 4.783e+04, 2.267e+06, 1.056e+05, 1.917e+06, 1.035e+00, nan, 1.258e+05, 9.064e+00
1.0060e+10, 3.954e+07, 3.357e+07, 3.618e+07, 5.249e+04, 2.465e+06, 4.785e+04, 2.262e+06, 1.075e+05, 1.918e+06, 1.042e+00, nan, 1.259e+05, 9.064e+00
1.0092e+10, 3.954e+07, 3.357e+07, 3.618e+07, 5.086e+04, 2.471e+06, 4.787e+04, 2.261e+06, 1.047e+05, 1.918e+06, 1.050e+00, nan, 1.259e+05, 9.064e+00
1.0123e+10, 3.954e+07, 3.357e+07, 3.618e+07, 5.173e+04, 2.477e+06, 4.789e+04, 2.258e+06, 1.042e+05, 1.919e+06, 1.057e+00, nan, 1.260e+05, 9.064e+00
1.0155e+10, 3.954e+07, 3.357e+07, 3.618e+07, 5.059e+04, 2.483e+06, 4.790e+04, 2.256e+06, 1.036e+05, 1.919e+06, 1.064e+00, nan, 1.260e+05, 9.064e+00
1.0186e+10, 3.954e+07, 3.357e+07, 3.618e+07, 4.709e+04, 2.489e+06, 4.792e+04, 2.251e+06, 1.051e+05, 1.920e+06, 1.072e+00, nan, 1.261e+05, 9.064e+00
1.0218e+10, 3.954e+07, 3.357e+07, 3.618e+07, 4.578e+04, 2.495e+06, 4.794e+04, 2.246e+06, 1.070e+05, 1.920e+06, 1.079e+00, nan, 1.261e+05, 9.064e+00
1.0249e+10, 3.954e+07, 3.357e+07, 3.618e+07, 4.474e+04, 2.500e+06, 4.796e+04, 2.246e+06, 1.046e+05, 1.920e+06, 1.086e+00, nan, 1.262e+05, 9.064e+00
1.0281e+10, 3.954e+07, 3.356e+07, 3.618e+07, 4.606e+04, 2.506e+06, 4.797e+04, 2.243e+06, 1.044e+05, 1.920e+06, 1.093e+00, nan, 1.262e+05, 9.064e+00
1.0312e+10, 3.953e+07, 3.356e+07, 3.618e+07, 4.511e+04, 2.511e+06, 4.799e+04, 2.241e+06, 1.036e+05, 1.920e+06, 1.100e+00, nan, 1.263e+05, 9.064e+00
1.0344e+10, 3.953e+07, 3.356e+07, 3.618e+07, 4.396e+04, 2.517e+06, 4.801e+04, 2.235e+06, 1.056e+05, 1.920e+06, 1.108e+00, nan, 1.263e+05, 9.064e+00
1.0375e+10, 3.953e+07, 3.356e+07, 3.618e+07, 4.057e+04, 2.522e+06, 4.803e+04, 2.233e+06, 1.049e+05, 1.921e+06, 1.115e+00, nan, 1.264e+05, 9.064e+00
1.0407e+10, 3.953e+07, 3.356e+07, 3.618e+07, 3.919e+04, 2.527e+06, 4.804e+04, 2.230e+06, 1.046e+05, 1.921e+06, 1.123e+00, nan, 1.264e+05, 9.064e+00
1.0438e+10, 3.953e+07, 3.356e+07, 3.618e+07, 3.571e+04, 2.533e+06, 4.806e+04, 2.227e+06, 1.045e+05, 1.921e+06, 1.130e+00, nan, 1.264e+05, 9.064e+00
1.0470e+10, 3.953e+07, 3.356e+07, 3.618e+07, 3.454e+04, 2.538e+06, 4.808e+04, 2.222e+06, 1.066e+05, 1.921e+06, 1.138e+00, nan, 1.265e+05, 9.064e+00
1.0502e+10, 3.953e+07, 3.356e+07, 3.618e+07, 3.351e+04, 2.543e+06, 4.810e+04, 2.214e+06, 1.109e+05, 1.921e+06, 1.145e+00, nan, 1.265e+05, 9.064e+00
1.0533e+10, 3.953e+07, 3.356e+07, 3.618e+07, 3.274e+04, 2.549e+06, 4.811e+04, 2.212e+06, 1.105e+05, 1.922e+06, 1.153e+00, nan, 1.266e+05, 9.064e+00
1.0565e+10, 3.953e+07, 3.356e+07, 3.618e+07, 3.207e+04, 2.554e+06, 4.813e+04, 2.211e+06, 1.080e+05, 1.922e+06, 1.160e+00, nan, 1.266e+05, 9.064e+00
1.0596e+10, 3.953e+07, 3.356e+07, 3.619e+07, 3.130e+04, 2.559e+06, 4.815e+04, 2.211e+06, 1.052e+05, 1.922e+06, 1.167e+00, nan, 1.267e+05, 9.064e+00
1.0628e+10, 3.953e+07, 3.356e+07, 3.619e+07, 3.071e+04, 2.565e+06, 4.817e+04, 2.206e+06, 1.067e+05, 1.922e+06, 1.174e+00, nan, 1.268e+05, 9.064e+00
1.0659e+10, 3.953e+07, 3.356e+07, 3.619e+07, 3.026e+04, 2.570e+06, 4.818e+04, 2.202e+06, 1.076e+05, 1.923e+06, 1.182e+00, nan, 1.268e+05, 9.064e+00
1.0691e+10, 3.953e+07, 3.356e+07, 3.619e+07, 3.001e+04, 2.575e+06, 4.820e+04, 2.202e+06, 1.048e+05, 1.923e+06, 1.190e+00, nan, 1.269e+05, 9.064e+00
1.0722e+10, 3.953e+07, 3.356e+07, 3.619e+07, 2.996e+04, 2.580e+06, 4.822e+04, 2.201e+06, 1.021e+05, 1.924e+06, 1.197e+00, nan, 1.269e+05, 9.064e+00
1.0754e+10, 3.952e+07, 3.355e+07, 3.618e+07, 3.241e+04, 2.585e+06, 4.824e+04, 2.194e+06, 1.064e+05, 1.924e+06, 1.205e+00, nan, 1.270e+05, 9.064e+00
1.0785e+10, 3.952e+07, 3.355e+07, 3.618e+07, 3.247e+04, 2.590e+06, 4.825e+04, 2.191e+06, 1.058e+05, 1.924e+06, 1.212e+00, nan, 1.270e+05, 9.064e+00
1.0817e+10, 3.952e+07, 3.355e+07, 3.618e+07, 3.254e+04, 2.595e+06, 4.827e+04, 2.188e+06, 1.058e+05, 1.924e+06, 1.220e+00, nan, 1.271e+05, 9.064e+00
1.0848e+10, 3.952e+07, 3.355e+07, 3.619e+07, 2.767e+04, 2.600e+06, 4.829e+04, 2.188e+06, 1.033e+05, 1.924e+06, 1.228e+00, nan, 1.271e+05, 9.064e+00
1.0880e+10, 3.952e+07, 3.355e+07, 3.619e+07, 2.738e+04, 2.605e+06, 4.831e+04, 2.185e+06, 1.029e+05, 1.925e+06, 1.234e+00, nan, 1.272e+05, 9.064e+00
1.0911e+10, 3.952e+07, 3.355e+07, 3.619e+07, 2.714e+04, 2.610e+06, 4.832e+04, 2.182e+06, 1.026e+05, 1.925e+06, 1.242e+00, nan, 1.272e+05, 9.064e+00
1.0943e+10, 3.952e+07, 3.355e+07, 3.619e+07, 2.696e+04, 2.615e+06, 4.834e+04, 2.179e+06, 1.022e+05, 1.925e+06, 1.249e+00, nan, 1.273e+05, 9.064e+00
1.0975e+10, 3.952e+07, 3.355e+07, 3.619e+07, 2.676e+04, 2.620e+06, 4.836e+04, 2.177e+06, 1.013e+05, 1.926e+06, 1.257e+00, nan, 1.273e+05, 9.064e+00
1.1006e+10, 3.952e+07, 3.355e+07, 3.619e+07, 3.120e+04, 2.626e+06, 4.838e+04, 2.174e+06, 1.002e+05, 1.926e+06, 1.265e+00, nan, 1.274e+05, 9.064e+00
1.1038e+10, 3.952e+07, 3.355e+07, 3.618e+07, 3.338e+04, 2.631e+06, 4.839e+04, 2.174e+06, 9.724e+04, 1.927e+06, 1.272e+00, nan, 1.274e+05, 9.064e+00
1.1069e+10, 3.952e+07, 3.355e+07, 3.618e+07, 3.556e+04, 2.636e+06, 4.841e+04, 2.171e+06, 9.666e+04, 1.927e+06, 1.280e+00, nan, 1.275e+05, 9.064e+00
1.1101e+10, 3.952e+07, 3.355e+07, 3.618e+07, 3.536e+04, 2.642e+06, 4.843e+04, 2.168e+06, 9.651e+04, 1.927e+06, 1.288e+00, nan, 1.275e+05, 9.064e+00
1.1132e+10, 3.952e+07, 3.355e+07, 3.618e+07, 3.776e+04, 2.647e+06, 4.845e+04, 2.166e+06, 9.596e+04, 1.928e+06, 1.296e+00, nan, 1.276e+05, 9.064e+00
1.1164e+10, 3.952e+07, 3.355e+07, 3.618e+07, 3.791e+04, 2.653e+06, 4.846e+04, 2.165e+06, 9.350e+04, 1.928e+06, 1.303e+00, nan, 1.276e+05, 9.064e+00
1.1195e+10, 3.952e+07, 3.355e+07, 3.618e+07, 3.805e+04, 2.658e+06, 4.848e+04, 2.159e+06, 9.718e+04, 1.928e+06, 1.311e+00, nan, 1.277e+05, 9.064e+00
1.1227e+10, 3.952e+07, 3.355e+07, 3.618e+07, 3.812e+04, 2.663e+06, 4.850e+04, 2.158e+06, 9.422e+04, 1.928e+06, 1.318e+00, nan, 1.277e+05, 9.064e+00
1.1258e+10, 3.951e+07, 3.354e+07, 3.618e+07, 4.045e+04, 2.669e+06, 4.852e+04, 2.156e+06, 9.313e+04, 1.929e+06, 1.326e+00, nan, 1.278e+05, 9.064e+00
1.1290e+10, 3.951e+07, 3.354e+07, 3.617e+07, 4.270e+04, 2.674e+06, 4.853e+04, 2.156e+06, 9.032e+04, 1.929e+06, 1.333e+00, nan, 1.278e+05, 9.064e+00
1.1321e+10, 3.951e+07, 3.354e+07, 3.617e+07, 4.251e+04, 2.680e+06, 4.855e+04, 2.153e+06, 8.961e+04, 1.930e+06, 1.341e+00, nan, 1.279e+05, 9.064e+00
1.1353e+10, 3.951e+07, 3.354e+07, 3.617e+07, 4.237e+04, 2.686e+06, 4.857e+04, 2.146e+06, 9.364e+04, 1.930e+06, 1.349e+00, nan, 1.279e+05, 9.064e+00
1.1385e+10, 3.951e+07, 3.354e+07, 3.617e+07, 3.984e+04, 2.691e+06, 4.859e+04, 2.141e+06, 9.545e+04, 1.930e+06, 1.357e+00, nan, 1.280e+05, 9.064e+00
1.1416e+10, 3.951e+07, 3.354e+07, 3.618e+07, 3.725e+04, 2.697e+06, 4.860e+04, 2.136e+06, 9.785e+04, 1.930e+06, 1.365e+00, nan, 1.280e+05, 9.064e+00
1.1448e+10, 3.951e+07, 3.354e+07, 3.617e+07, 3.689e+04, 2.703e+06, 4.862e+04, 2.131e+06, 9.990e+04, 1.930e+06, 1.372e+00, nan, 1.281e+05, 9.064e+00
1.1479e+10, 3.951e+07, 3.354e+07, 3.617e+07, 3.657e+04, 2.709e+06, 4.864e+04, 2.126e+06, 1.020e+05, 1.930e+06, 1.380e+00, nan, 1.281e+05, 9.064e+00
1.1511e+10, 3.951e+07, 3.354e+07, 3.617e+07, 3.634e+04, 2.715e+06, 4.866e+04, 2.123e+06, 1.023e+05, 1.930e+06, 1.388e+00, nan, 1.282e+05, 9.064e+00
1.1542e+10, 3.951e+07, 3.354e+07, 3.617e+07, 3.844e+04, 2.721e+06, 4.867e+04, 2.120e+06, 1.024e+05, 1.930e+06, 1.395e+00, nan, 1.283e+05, 9.064e+00
1.1574e+10, 3.951e+07, 3.354e+07, 3.617e+07, 3.817e+04, 2.727e+06, 4.869e+04, 2.118e+06, 1.018e+05, 1.930e+06, 1.403e+00, nan, 1.283e+05, 9.064e+00
1.1605e+10, 3.951e+07, 3.354e+07, 3.617e+07, 3.788e+04, 2.734e+06, 4.871e+04, 2.114e+06, 1.037e+05, 1.930e+06, 1.411e+00, nan, 1.284e+05, 9.064e+00
1.1637e+10, 3.951e+07, 3.354e+07, 3.616e+07, 3.996e+04, 2.740e+06, 4.873e+04, 2.103e+06, 1.113e+05, 1.930e+06, 1.418e+00, nan, 1.284e+05, 9.064e+00
1.1668e+10, 3.951e+07, 3.354e+07, 3.616e+07, 3.975e+04, 2.747e+06, 4.875e+04, 2.103e+06, 1.088e+05, 1.930e+06, 1.426e+00, nan, 1.285e+05, 9.064e+00
1.1700e+10, 3.951e+07, 3.354e+07, 3.616e+07, 3.965e+04, 2.754e+06, 4.876e+04, 2.102e+06, 1.063e+05, 1.930e+06, 1.434e+00, nan, 1.285e+05, 9.064e+00
1.1731e+10, 3.951e+07, 3.353e+07, 3.616e+07, 3.992e+04, 2.761e+06, 4.878e+04, 2.104e+06, 1.021e+05, 1.931e+06, 1.442e+00, nan, 1.286e+05, 9.064e+00
1.1763e+10, 3.950e+07, 3.353e+07, 3.615e+07, 4.017e+04, 2.768e+06, 4.880e+04, 2.101e+06, 1.022e+05, 1.931e+06, 1.450e+00, nan, 1.286e+05, 9.064e+00
1.1794e+10, 3.950e+07, 3.353e+07, 3.615e+07, 4.067e+04, 2.776e+06, 4.882e+04, 2.096e+06, 1.038e+05, 1.930e+06, 1.458e+00, nan, 1.287e+05, 9.064e+00
1.1826e+10, 3.950e+07, 3.353e+07, 3.615e+07, 4.154e+04, 2.783e+06, 4.883e+04, 2.096e+06, 1.017e+05, 1.930e+06, 1.466e+00, nan, 1.287e+05, 9.064e+00
1.1858e+10, 3.950e+07, 3.353e+07, 3.614e+07, 4.500e+04, 2.789e+06, 4.885e+04, 2.091e+06, 1.039e+05, 1.930e+06, 1.474e+00, nan, 1.288e+05, 9.064e+00
1.1889e+10, 3.950e+07, 3.353e+07, 3.614e+07, 4.377e+04, 2.795e+06, 4.887e+04, 2.090e+06, 1.017e+05, 1.930e+06, 1.481e+00, nan, 1.288e+05, 9.064e+00
1.1921e+10, 3.950e+07, 3.353e+07, 3.614e+07, 4.464e+04, 2.802e+06, 4.889e+04, 2.084e+06, 1.060e+05, 1.930e+06, 1.489e+00, nan, 1.289e+05, 9.064e+00
1.1952e+10, 3.950e+07, 3.353e+07, 3.613e+07, 4.530e+04, 2.808e+06, 4.890e+04, 2.081e+06, 1.060e+05, 1.930e+06, 1.497e+00, nan, 1.289e+05, 9.064e+00
1.1984e+10, 3.950e+07, 3.353e+07, 3.613e+07, 4.575e+04, 2.814e+06, 4.892e+04, 2.076e+06, 1.077e+05, 1.930e+06, 1.505e+00, nan, 1.290e+05, 9.064e+00
1.2015e+10, 3.950e+07, 3.353e+07, 3.613e+07, 4.616e+04, 2.821e+06, 4.894e+04, 2.074e+06, 1.070e+05, 1.930e+06, 1.513e+00, nan, 1.291e+05, 9.064e+00
1.2047e+10, 3.950e+07, 3.353e+07, 3.613e+07, 4.656e+04, 2.827e+06, 4.896e+04, 2.071e+06, 1.063e+05, 1.931e+06, 1.521e+00, nan, 1.291e+05, 9.064e+00
1.2078e+10, 3.950e+07, 3.353e+07, 3.613e+07, 4.456e+04, 2.834e+06, 4.897e+04, 2.068e+06, 1.064e+05, 1.931e+06, 1.529e+00, nan, 1.292e+05, 9.064e+00
1.2110e+10, 3.950e+07, 3.353e+07, 3.613e+07, 4.477e+04, 2.840e+06, 4.899e+04, 2.066e+06, 1.061e+05, 1.931e+06, 1.537e+00, nan, 1.292e+05, 9.064e+00
1.2141e+10, 3.950e+07, 3.353e+07, 3.612e+07, 4.492e+04, 2.847e+06, 4.901e+04, 2.065e+06, 1.038e+05, 1.931e+06, 1.546e+00, nan, 1.293e+05, 9.064e+00
1.2173e+10, 3.950e+07, 3.353e+07, 3.612e+07, 4.261e+04, 2.853e+06, 4.903e+04, 2.065e+06, 1.017e+05, 1.931e+06, 1.554e+00, nan, 1.293e+05, 9.064e+00
1.2204e+10, 3.950e+07, 3.353e+07, 3.612e+07, 4.029e+04, 2.860e+06, 4.905e+04, 2.060e+06, 1.037e+05, 1.931e+06, 1.562e+00, nan, 1.294e+05, 9.064e+00
1.2236e+10, 3.950e+07, 3.352e+07, 3.612e+07, 4.025e+04, 2.866e+06, 4.906e+04, 2.060e+06, 1.013e+05, 1.931e+06, 1.570e+00, nan, 1.294e+05, 9.064e+00
1.2268e+10, 3.949e+07, 3.352e+07, 3.612e+07, 4.019e+04, 2.873e+06, 4.908e+04, 2.057e+06, 1.010e+05, 1.931e+06, 1.577e+00, nan, 1.295e+05, 9.064e+00
1.2299e+10, 3.949e+07, 3.352e+07, 3.612e+07, 4.012e+04, 2.879e+06, 4.910e+04, 2.054e+06, 1.007e+05, 1.931e+06, 1.585e+00, nan, 1.295e+05, 9.064e+00
1.2331e+10, 3.949e+07, 3.352e+07, 3.612e+07, 4.005e+04, 2.886e+06, 4.912e+04, 2.050e+06, 1.019e+05, 1.932e+06, 1.593e+00, nan, 1.296e+05, 9.064e+00
1.2362e+10, 3.949e+07, 3.352e+07, 3.611e+07, 3.997e+04, 2.893e+06, 4.913e+04, 2.044e+06, 1.056e+05, 1.932e+06, 1.601e+00, nan, 1.297e+05, 9.064e+00
1.2394e+10, 3.949e+07, 3.352e+07, 3.611e+07, 4.232e+04, 2.900e+06, 4.915e+04, 2.039e+06, 1.075e+05, 1.932e+06, 1.609e+00, nan, 1.297e+05, 9.064e+00
1.2425e+10, 3.949e+07, 3.352e+07, 3.611e+07, 4.010e+04, 2.907e+06, 4.917e+04, 2.036e+06, 1.077e+05, 1.932e+06, 1.617e+00, nan, 1.298e+05, 9.064e+00
1.2457e+10, 3.949e+07, 3.352e+07, 3.611e+07, 4.030e+04, 2.914e+06, 4.919e+04, 2.029e+06, 1.117e+05, 1.932e+06, 1.626e+00, nan, 1.298e+05, 9.064e+00
1.2488e+10, 3.949e+07, 3.352e+07, 3.610e+07, 4.045e+04, 2.921e+06, 4.920e+04, 2.029e+06, 1.097e+05, 1.932e+06, 1.634e+00, nan, 1.299e+05, 9.064e+00
1.2520e+10, 3.949e+07, 3.352e+07, 3.610e+07, 4.069e+04, 2.928e+06, 4.922e+04, 2.026e+06, 1.100e+05, 1.932e+06, 1.642e+00, nan, 1.299e+05, 9.064e+00
1.2551e+10, 3.949e+07, 3.352e+07, 3.610e+07, 4.110e+04, 2.935e+06, 4.924e+04, 2.023e+06, 1.103e+05, 1.932e+06, 1.650e+00, nan, 1.300e+05, 9.064e+00
1.2583e+10, 3.949e+07, 3.352e+07, 3.609e+07, 4.382e+04, 2.941e+06, 4.926e+04, 2.020e+06, 1.101e+05, 1.931e+06, 1.659e+00, nan, 1.300e+05, 9.064e+00
1.2614e+10, 3.949e+07, 3.352e+07, 3.609e+07, 4.643e+04, 2.948e+06, 4.928e+04, 2.017e+06, 1.109e+05, 1.931e+06, 1.667e+00, nan, 1.301e+05, 9.064e+00
1.2646e+10, 3.949e+07, 3.352e+07, 3.609e+07, 4.428e+04, 2.954e+06, 4.929e+04, 2.015e+06, 1.103e+05, 1.931e+06, 1.674e+00, nan, 1.301e+05, 9.064e+00
1.2678e+10, 3.949e+07, 3.352e+07, 3.609e+07, 4.441e+04, 2.961e+06, 4.931e+04, 2.013e+06, 1.097e+05, 1.932e+06, 1.682e+00, nan, 1.302e+05, 9.064e+00
1.2709e+10, 3.949e+07, 3.352e+07, 3.609e+07, 4.217e+04, 2.967e+06, 4.933e+04, 2.011e+06, 1.090e+05, 1.932e+06, 1.690e+00, nan, 1.303e+05, 9.064e+00
1.2741e+10, 3.949e+07, 3.352e+07, 3.609e+07, 4.223e+04, 2.974e+06, 4.935e+04, 2.008e+06, 1.088e+05, 1.932e+06, 1.699e+00, nan, 1.303e+05, 9.064e+00
1.2772e+10, 3.948e+07, 3.351e+07, 3.609e+07, 3.995e+04, 2.981e+06, 4.936e+04, 2.007e+06, 1.062e+05, 1.932e+06, 1.707e+00, nan, 1.304e+05, 9.065e+00
1.2804e+10, 3.948e+07, 3.351e+07, 3.608e+07, 3.993e+04, 2.988e+06, 4.938e+04, 2.003e+06, 1.079e+05, 1.933e+06, 1.715e+00, nan, 1.304e+05, 9.065e+00
1.2835e+10, 3.948e+07, 3.351e+07, 3.608e+07, 3.987e+04, 2.995e+06, 4.940e+04, 1.998e+06, 1.100e+05, 1.933e+06, 1.724e+00, nan, 1.305e+05, 9.065e+00
1.2867e+10, 3.948e+07, 3.351e+07, 3.608e+07, 4.005e+04, 3.002e+06, 4.942e+04, 1.997e+06, 1.079e+05, 1.933e+06, 1.732e+00, nan, 1.305e+05, 9.066e+00
1.2898e+10, 3.948e+07, 3.351e+07, 3.608e+07, 4.030e+04, 3.009e+06, 4.943e+04, 1.993e+06, 1.097e+05, 1.933e+06, 1.740e+00, nan, 1.306e+05, 9.067e+00
1.2930e+10, 3.948e+07, 3.351e+07, 3.607e+07, 4.048e+04, 3.016e+06, 4.945e+04, 1.988e+06, 1.119e+05, 1.933e+06, 1.749e+00, nan, 1.306e+05, 9.068e+00
1.2961e+10, 3.948e+07, 3.351e+07, 3.607e+07, 4.082e+04, 3.022e+06, 4.947e+04, 1.981e+06, 1.165e+05, 1.933e+06, 1.757e+00, nan, 1.307e+05, 9.070e+00
1.2993e+10, 3.948e+07, 3.351e+07, 3.607e+07, 4.116e+04, 3.029e+06, 4.949e+04, 1.979e+06, 1.163e+05, 1.933e+06, 1.766e+00, nan, 1.308e+05, 9.072e+00
1.3024e+10, 3.948e+07, 3.351e+07, 3.607e+07, 4.135e+04, 3.035e+06, 4.950e+04, 1.978e+06, 1.145e+05, 1.933e+06, 1.773e+00, nan, 1.308e+05, 9.075e+00
1.3056e+10, 3.948e+07, 3.351e+07, 3.606e+07, 4.369e+04, 3.042e+06, 4.952e+04, 1.974e+06, 1.159e+05, 1.932e+06, 1.781e+00, nan, 1.309e+05, 9.080e+00
1.3087e+10, 3.948e+07, 3.351e+07, 3.606e+07, 4.366e+04, 3.049e+06, 4.954e+04, 1.972e+06, 1.154e+05, 1.933e+06, 1.789e+00, nan, 1.309e+05, 9.086e+00
1.3119e+10, 3.948e+07, 3.351e+07, 3.606e+07, 4.139e+04, 3.056e+06, 4.956e+04, 1.969e+06, 1.148e+05, 1.933e+06, 1.798e+00, nan, 1.310e+05, 9.094e+00
1.3151e+10, 3.948e+07, 3.351e+07, 3.606e+07, 3.922e+04, 3.062e+06, 4.958e+04, 1.969e+06, 1.123e+05, 1.933e+06, 1.806e+00, nan, 1.310e+05, 9.104e+00
1.3182e+10, 3.948e+07, 3.351e+07, 3.606e+07, 3.956e+04, 3.069e+06, 4.959e+04, 1.966e+06, 1.121e+05, 1.934e+06, 1.815e+00, nan, 1.311e+05, 9.119e+00
1.3214e+10, 3.948e+07, 3.351e+07, 3.606e+07, 3.974e+04, 3.075e+06, 4.961e+04, 1.964e+06, 1.114e+05, 1.934e+06, 1.823e+00, nan, 1.312e+05, 9.137e+00
1.3245e+10, 3.948e+07, 3.351e+07, 3.605e+07, 4.216e+04, 3.082e+06, 4.963e+04, 1.963e+06, 1.091e+05, 1.934e+06, 1.832e+00, nan, 1.312e+05, 9.162e+00
1.3277e+10, 3.948e+07, 3.351e+07, 3.605e+07, 4.222e+04, 3.089e+06, 4.965e+04, 1.961e+06, 1.088e+05, 1.934e+06, 1.840e+00, nan, 1.313e+05, 9.193e+00
1.3308e+10, 3.948e+07, 3.350e+07, 3.605e+07, 4.009e+04, 3.096e+06, 4.966e+04, 1.959e+06, 1.088e+05, 1.934e+06, 1.849e+00, nan, 1.313e+05, 9.232e+00
1.3340e+10, 3.947e+07, 3.350e+07, 3.605e+07, 4.029e+04, 3.102e+06, 4.968e+04, 1.949e+06, 1.164e+05, 1.934e+06, 1.857e+00, nan, 1.314e+05, 9.283e+00
1.3371e+10, 3.947e+07, 3.350e+07, 3.604e+07, 4.037e+04, 3.109e+06, 4.970e+04, 1.944e+06, 1.183e+05, 1.934e+06, 1.866e+00, nan, 1.314e+05, 9.345e+00
1.3403e+10, 3.947e+07, 3.350e+07, 3.604e+07, 4.047e+04, 3.116e+06, 4.972e+04, 1.942e+06, 1.182e+05, 1.933e+06, 1.874e+00, nan, 1.315e+05, 9.422e+00
1.3434e+10, 3.947e+07, 3.350e+07, 3.604e+07, 4.310e+04, 3.122e+06, 4.973e+04, 1.941e+06, 1.163e+05, 1.933e+06, 1.882e+00, nan, 1.315e+05, 9.516e+00
1.3466e+10, 3.947e+07, 3.350e+07, 3.603e+07, 4.327e+04, 3.129e+06, 4.975e+04, 1.939e+06, 1.163e+05, 1.933e+06, 1.890e+00, nan, 1.316e+05, 9.633e+00
1.3497e+10, 3.947e+07, 3.350e+07, 3.603e+07, 4.109e+04, 3.136e+06, 4.977e+04, 1.938e+06, 1.138e+05, 1.934e+06, 1.899e+00, nan, 1.317e+05, 9.774e+00
1.3529e+10, 3.947e+07, 3.350e+07, 3.603e+07, 4.128e+04, 3.142e+06, 4.979e+04, 1.938e+06, 1.113e+05, 1.934e+06, 1.907e+00, nan, 1.317e+05, 9.942e+00
1.3560e+10, 3.947e+07, 3.350e+07, 3.603e+07, 4.173e+04, 3.149e+06, 4.981e+04, 1.936e+06, 1.107e+05, 1.934e+06, 1.916e+00, nan, 1.318e+05, 1.014e+01
1.3592e+10, 3.947e+07, 3.350e+07, 3.603e+07, 4.222e+04, 3.156e+06, 4.982e+04, 1.935e+06, 1.082e+05, 1.935e+06, 1.924e+00, nan, 1.318e+05, 1.038e+01
1.3624e+10, 3.947e+07, 3.350e+07, 3.603e+07, 4.033e+04, 3.163e+06, 4.984e+04, 1.929e+06, 1.120e+05, 1.935e+06, 1.933e+00, nan, 1.319e+05, 1.066e+01
1.3655e+10, 3.947e+07, 3.350e+07, 3.602e+07, 4.149e+04, 3.170e+06, 4.986e+04, 1.926e+06, 1.118e+05, 1.935e+06, 1.942e+00, nan, 1.319e+05, 1.099e+01
1.3687e+10, 3.947e+07, 3.350e+07, 3.602e+07, 4.503e+04, 3.175e+06, 4.988e+04, 1.921e+06, 1.145e+05, 1.935e+06, 1.950e+00, nan, 1.320e+05, 1.137e+01
1.3718e+10, 3.947e+07, 3.350e+07, 3.602e+07, 4.583e+04, 3.181e+06, 4.989e+04, 1.916e+06, 1.166e+05, 1.935e+06, 1.959e+00, nan, 1.321e+05, 1.182e+01
1.3750e+10, 3.947e+07, 3.350e+07, 3.602e+07, 4.634e+04, 3.186e+06, 4.991e+04, 1.914e+06, 1.165e+05, 1.935e+06, 1.968e+00, nan, 1.321e+05, 1.233e+01
1.3781e+10, 3.947e+07, 3.350e+07, 3.601e+07, 4.663e+04, 3.192e+06, 4.993e+04, 1.911e+06, 1.168e+05, 1.935e+06, 1.976e+00, nan, 1.322e+05, 1.291e+01
1.3813e+10, 3.947e+07, 3.350e+07, 3.601e+07, 4.678e+04, 3.197e+06, 4.995e+04, 1.908e+06, 1.172e+05, 1.935e+06, 1.985e+00, nan, 1.322e+05, 1.358e+01
1.3844e+10, 3.947e+07, 3.350e+07, 3.601e+07, 4.680e+04, 3.203e+06, 4.996e+04, 1.906e+06, 1.175e+05, 1.935e+06, 1.992e+00, nan, 1.323e+05, 1.434e+01
1.3876e+10, 3.947e+07, 3.350e+07, 3.601e+07, 4.440e+04, 3.208e+06, 4.998e+04, 1.906e+06, 1.153e+05, 1.935e+06, 2.001e+00, nan, 1.323e+05, 1.519e+01
1.3907e+10, 3.947e+07, 3.350e+07, 3.601e+07, 4.656e+04, 3.213e+06, 5.000e+04, 1.903e+06, 1.150e+05, 1.934e+06, 2.009e+00, nan, 1.324e+05, 1.614e+01
1.3939e+10, 3.947e+07, 3.349e+07, 3.601e+07, 4.633e+04, 3.219e+06, 5.002e+04, 1.901e+06, 1.147e+05, 1.935e+06, 2.018e+00, nan, 1.325e+05, 1.719e+01
1.3971e+10, 3.946e+07, 3.349e+07, 3.601e+07, 4.606e+04, 3.224e+06, 5.004e+04, 1.899e+06, 1.148e+05, 1.935e+06, 2.027e+00, nan, 1.325e+05, 1.835e+01
1.4002e+10, 3.946e+07, 3.349e+07, 3.601e+07, 4.576e+04, 3.230e+06, 5.005e+04, 1.896e+06, 1.148e+05, 1.935e+06, 2.035e+00, nan, 1.326e+05, 1.963e+01
1.4034e+10, 3.946e+07, 3.349e+07, 3.601e+07, 4.544e+04, 3.235e+06, 5.007e+04, 1.895e+06, 1.123e+05, 1.935e+06, 2.044e+00, nan, 1.326e+05, 2.103e+01
1.4065e+10, 3.946e+07, 3.349e+07, 3.601e+07, 4.509e+04, 3.241e+06, 5.009e+04, 1.895e+06, 1.100e+05, 1.936e+06, 2.053e+00, nan, 1.327e+05, 2.256e+01
1.4097e+10, 3.946e+07, 3.349e+07, 3.601e+07, 4.244e+04, 3.246e+06, 5.011e+04, 1.896e+06, 1.061e+05, 1.935e+06, 2.062e+00, nan, 1.327e+05, 2.425e+01
1.4128e+10, 3.946e+07, 3.349e+07, 3.601e+07, 4.220e+04, 3.251e+06, 5.012e+04, 1.896e+06, 1.041e+05, 1.935e+06, 2.070e+00, nan, 1.328e+05, 2.610e+01
1.4160e+10, 3.946e+07, 3.349e+07, 3.601e+07, 4.429e+04, 3.256e+06, 5.014e+04, 1.893e+06, 1.046e+05, 1.935e+06, 2.079e+00, nan, 1.329e+05, 2.810e+01
1.4191e+10, 3.946e+07, 3.349e+07, 3.601e+07, 4.401e+04, 3.261e+06, 5.016e+04, 1.884e+06, 1.112e+05, 1.935e+06, 2.088e+00, nan, 1.329e+05, 3.024e+01
1.4223e+10, 3.946e+07, 3.349e+07, 3.601e+07, 4.372e+04, 3.267e+06, 5.018e+04, 1.884e+06, 1.092e+05, 1.935e+06, 2.097e+00, nan, 1.330e+05, 3.254e+01
1.4254e+10, 3.946e+07, 3.349e+07, 3.600e+07, 4.343e+04, 3.272e+06, 5.020e+04, 1.882e+06, 1.091e+05, 1.935e+06, 2.106e+00, nan, 1.330e+05, 3.501e+01
1.4286e+10, 3.946e+07, 3.349e+07, 3.600e+07, 4.316e+04, 3.277e+06, 5.021e+04, 1.879e+06, 1.092e+05, 1.935e+06, 2.113e+00, nan, 1.331e+05, 3.766e+01
1.4317e+10, 3.946e+07, 3.349e+07, 3.600e+07, 4.295e+04, 3.282e+06, 5.023e+04, 1.875e+06, 1.112e+05, 1.935e+06, 2.122e+00, nan, 1.331e+05, 4.049e+01
1.4349e+10, 3.946e+07, 3.349e+07, 3.600e+07, 4.272e+04, 3.287e+06, 5.025e+04, 1.874e+06, 1.090e+05, 1.935e+06, 2.131e+00, nan, 1.332e+05, 4.351e+01
1.4380e+10, 3.946e+07, 3.349e+07, 3.600e+07, 4.250e+04, 3.292e+06, 5.027e+04, 1.872e+06, 1.086e+05, 1.935e+06, 2.139e+00, nan, 1.333e+05, 4.669e+01
1.4412e+10, 3.946e+07, 3.349e+07, 3.600e+07, 4.227e+04, 3.297e+06, 5.028e+04, 1.869e+06, 1.089e+05, 1.935e+06, 2.148e+00, nan, 1.333e+05, 5.007e+01
1.4444e+10, 3.946e+07, 3.349e+07, 3.600e+07, 3.967e+04, 3.302e+06, 5.030e+04, 1.864e+06, 1.116e+05, 1.935e+06, 2.157e+00, nan, 1.334e+05, 5.365e+01
1.4475e+10, 3.946e+07, 3.349e+07, 3.600e+07, 4.173e+04, 3.307e+06, 5.032e+04, 1.861e+06, 1.120e+05, 1.935e+06, 2.166e+00, nan, 1.334e+05, 5.743e+01
1.4507e+10, 3.946e+07, 3.349e+07, 3.600e+07, 4.145e+04, 3.311e+06, 5.034e+04, 1.857e+06, 1.144e+05, 1.935e+06, 2.175e+00, nan, 1.335e+05, 6.138e+01
1.4538e+10, 3.946e+07, 3.349e+07, 3.600e+07, 4.116e+04, 3.316e+06, 5.036e+04, 1.853e+06, 1.164e+05, 1.935e+06, 2.184e+00, nan, 1.335e+05, 6.553e+01
1.4570e+10, 3.946e+07, 3.349e+07, 3.600e+07, 4.088e+04, 3.321e+06, 5.037e+04, 1.848e+06, 1.189e+05, 1.935e+06, 2.193e+00, nan, 1.336e+05, 6.989e+01
1.4601e+10, 3.946e+07, 3.349e+07, 3.600e+07, 4.060e+04, 3.326e+06, 5.039e+04, 1.847e+06, 1.171e+05, 1.934e+06, 2.202e+00, nan, 1.337e+05, 7.445e+01
1.4633e+10, 3.946e+07, 3.349e+07, 3.600e+07, 4.031e+04, 3.331e+06, 5.041e+04, 1.842e+06, 1.200e+05, 1.934e+06, 2.211e+00, nan, 1.337e+05, 7.920e+01
1.4664e+10, 3.946e+07, 3.348e+07, 3.600e+07, 4.003e+04, 3.336e+06, 5.043e+04, 1.842e+06, 1.181e+05, 1.934e+06, 2.220e+00, nan, 1.338e+05, 8.415e+01
1.4696e+10, 3.945e+07, 3.348e+07, 3.600e+07, 3.974e+04, 3.341e+06, 5.044e+04, 1.840e+06, 1.180e+05, 1.934e+06, 2.229e+00, nan, 1.338e+05, 8.928e+01
1.4727e+10, 3.945e+07, 3.348e+07, 3.600e+07, 4.179e+04, 3.345e+06, 5.046e+04, 1.841e+06, 1.140e+05, 1.934e+06, 2.236e+00, nan, 1.339e+05, 9.462e+01
1.4759e+10, 3.945e+07, 3.348e+07, 3.599e+07, 4.149e+04, 3.350e+06, 5.048e+04, 1.841e+06, 1.117e+05, 1.934e+06, 2.245e+00, nan, 1.339e+05, 1.002e+02
1.4790e+10, 3.945e+07, 3.348e+07, 3.599e+07, 4.119e+04, 3.355e+06, 5.050e+04, 1.837e+06, 1.137e+05, 1.934e+06, 2.254e+00, nan, 1.340e+05, 1.059e+02
1.4822e+10, 3.945e+07, 3.348e+07, 3.599e+07, 4.090e+04, 3.360e+06, 5.052e+04, 1.837e+06, 1.114e+05, 1.935e+06, 2.263e+00, nan, 1.341e+05, 1.119e+02
1.4853e+10, 3.945e+07, 3.348e+07, 3.599e+07, 4.060e+04, 3.364e+06, 5.053e+04, 1.836e+06, 1.090e+05, 1.935e+06, 2.272e+00, nan, 1.341e+05, 1.180e+02
1.4885e+10, 3.945e+07, 3.348e+07, 3.599e+07, 4.264e+04, 3.369e+06, 5.055e+04, 1.834e+06, 1.089e+05, 1.935e+06, 2.281e+00, nan, 1.342e+05, 1.243e+02
1.4917e+10, 3.945e+07, 3.348e+07, 3.599e+07, 4.235e+04, 3.374e+06, 5.057e+04, 1.833e+06, 1.065e+05, 1.936e+06, 2.290e+00, nan, 1.342e+05, 1.308e+02
1.4948e+10, 3.945e+07, 3.348e+07, 3.599e+07, 4.207e+04, 3.378e+06, 5.059e+04, 1.829e+06, 1.086e+05, 1.936e+06, 2.299e+00, nan, 1.343e+05, 1.375e+02
1.4980e+10, 3.945e+07, 3.348e+07, 3.599e+07, 4.178e+04, 3.383e+06, 5.060e+04, 1.826e+06, 1.089e+05, 1.936e+06, 2.308e+00, nan, 1.343e+05, 1.444e+02
1.5011e+10, 3.945e+07, 3.348e+07, 3.599e+07, 4.151e+04, 3.388e+06, 5.062e+04, 1.825e+06, 1.070e+05, 1.936e+06, 2.317e+00, nan, 1.344e+05, 1.515e+02
1.5043e+10, 3.945e+07, 3.348e+07, 3.599e+07, 4.123e+04, 3.392e+06, 5.064e+04, 1.821e+06, 1.093e+05, 1.936e+06, 2.326e+00, nan, 1.345e+05, 1.588e+02
1.5074e+10, 3.945e+07, 3.348e+07, 3.599e+07, 4.097e+04, 3.397e+06, 5.066e+04, 1.818e+06, 1.097e+05, 1.936e+06, 2.335e+00, nan, 1.345e+05, 1.662e+02
1.5106e+10, 3.945e+07, 3.348e+07, 3.599e+07, 4.071e+04, 3.402e+06, 5.068e+04, 1.816e+06, 1.097e+05, 1.936e+06, 2.344e+00, nan, 1.346e+05, 1.739e+02
1.5137e+10, 3.945e+07, 3.348e+07, 3.599e+07, 4.046e+04, 3.406e+06, 5.069e+04, 1.811e+06, 1.126e+05, 1.936e+06, 2.353e+00, nan, 1.346e+05, 1.817e+02
1.5169e+10, 3.945e+07, 3.348e+07, 3.599e+07, 4.021e+04, 3.411e+06, 5.071e+04, 1.810e+06, 1.106e+05, 1.936e+06, 2.363e+00, nan, 1.347e+05, 1.897e+02
1.5200e+10, 3.945e+07, 3.348e+07, 3.599e+07, 3.996e+04, 3.415e+06, 5.073e+04, 1.810e+06, 1.091e+05, 1.936e+06, 2.370e+00, nan, 1.347e+05, 1.979e+02
1.5232e+10, 3.945e+07, 3.348e+07, 3.598e+07, 3.972e+04, 3.420e+06, 5.075e+04, 1.807e+06, 1.094e+05, 1.936e+06, 2.379e+00, nan, 1.348e+05, 2.062e+02
1.5263e+10, 3.945e+07, 3.348e+07, 3.598e+07, 3.948e+04, 3.424e+06, 5.076e+04, 1.805e+06, 1.091e+05, 1.936e+06, 2.388e+00, nan, 1.348e+05, 2.148e+02
1.5295e+10, 3.945e+07, 3.348e+07, 3.598e+07, 3.925e+04, 3.429e+06, 5.078e+04, 1.802e+06, 1.093e+05, 1.936e+06, 2.397e+00, nan, 1.349e+05, 2.234e+02
1.5327e+10, 3.945e+07, 3.348e+07, 3.598e+07, 4.136e+04, 3.433e+06, 5.080e+04, 1.802e+06, 1.071e+05, 1.936e+06, 2.406e+00, nan, 1.350e+05, 2.323e+02
1.5358e+10, 3.945e+07, 3.348e+07, 3.598e+07, 4.113e+04, 3.438e+06, 5.082e+04, 1.800e+06, 1.068e+05, 1.936e+06, 2.415e+00, nan, 1.350e+05, 2.413e+02
1.5390e+10, 3.945e+07, 3.348e+07, 3.598e+07, 4.090e+04, 3.443e+06, 5.084e+04, 1.795e+06, 1.087e+05, 1.937e+06, 2.425e+00, nan, 1.351e+05, 2.505e+02
1.5421e+10, 3.945e+07, 3.347e+07, 3.598e+07, 4.078e+04, 3.447e+06, 5.085e+04, 1.791e+06, 1.107e+05, 1.937e+06, 2.434e+00, nan, 1.351e+05, 2.598e+02
1.5453e+10, 3.945e+07, 3.347e+07, 3.598e+07, 4.067e+04, 3.451e+06, 5.087e+04, 1.788e+06, 1.106e+05, 1.937e+06, 2.443e+00, nan, 1.352e+05, 2.693e+02
1.5484e+10, 3.944e+07, 3.347e+07, 3.598e+07, 4.057e+04, 3.456e+06, 5.089e+04, 1.782e+06, 1.150e+05, 1.937e+06, 2.452e+00, nan, 1.352e+05, 2.790e+02
1.5516e+10, 3.944e+07, 3.347e+07, 3.598e+07, 4.048e+04, 3.460e+06, 5.091e+04, 1.781e+06, 1.131e+05, 1.937e+06, 2.461e+00, nan, 1.353e+05, 2.888e+02
1.5547e+10, 3.944e+07, 3.347e+07, 3.598e+07, 4.038e+04, 3.464e+06, 5.093e+04, 1.777e+06, 1.151e+05, 1.937e+06, 2.471e+00, nan, 1.354e+05, 2.988e+02
1.5579e+10, 3.944e+07, 3.347e+07, 3.597e+07, 4.029e+04, 3.469e+06, 5.094e+04, 1.775e+06, 1.152e+05, 1.937e+06, 2.480e+00, nan, 1.354e+05, 3.089e+02
1.5610e+10, 3.944e+07, 3.347e+07, 3.597e+07, 4.019e+04, 3.473e+06, 5.096e+04, 1.772e+06, 1.158e+05, 1.937e+06, 2.489e+00, nan, 1.355e+05, 3.192e+02
1.5642e+10, 3.944e+07, 3.347e+07, 3.597e+07, 4.010e+04, 3.477e+06, 5.098e+04, 1.768e+06, 1.177e+05, 1.937e+06, 2.498e+00, nan, 1.355e+05, 3.296e+02
1.5673e+10, 3.944e+07, 3.347e+07, 3.597e+07, 4.233e+04, 3.482e+06, 5.100e+04, 1.767e+06, 1.163e+05, 1.936e+06, 2.508e+00, nan, 1.356e+05, 3.402e+02
1.5705e+10, 3.944e+07, 3.347e+07, 3.597e+07, 4.222e+04, 3.486e+06, 5.101e+04, 1.763e+06, 1.186e+05, 1.936e+06, 2.515e+00, nan, 1.356e+05, 3.509e+02
1.5736e+10, 3.944e+07, 3.347e+07, 3.597e+07, 4.211e+04, 3.490e+06, 5.103e+04, 1.760e+06, 1.191e+05, 1.936e+06, 2.524e+00, nan, 1.357e+05, 3.618e+02
1.5768e+10, 3.944e+07, 3.347e+07, 3.597e+07, 4.201e+04, 3.495e+06, 5.105e+04, 1.758e+06, 1.194e+05, 1.936e+06, 2.534e+00, nan, 1.358e+05, 3.728e+02
1.5800e+10, 3.944e+07, 3.347e+07, 3.597e+07, 4.190e+04, 3.499e+06, 5.107e+04, 1.758e+06, 1.174e+05, 1.936e+06, 2.543e+00, nan, 1.358e+05, 3.839e+02
1.5831e+10, 3.944e+07, 3.347e+07, 3.596e+07, 4.412e+04, 3.503e+06, 5.109e+04, 1.755e+06, 1.172e+05, 1.936e+06, 2.552e+00, nan, 1.359e+05, 3.952e+02
1.5863e+10, 3.944e+07, 3.347e+07, 3.596e+07, 4.399e+04, 3.507e+06, 5.110e+04, 1.755e+06, 1.150e+05, 1.937e+06, 2.561e+00, nan, 1.359e+05, 4.066e+02
1.5894e+10, 3.944e+07, 3.347e+07, 3.596e+07, 4.387e+04, 3.512e+06, 5.112e+04, 1.753e+06, 1.152e+05, 1.937e+06, 2.571e+00, nan, 1.360e+05, 4.181e+02
1.5926e+10, 3.944e+07, 3.347e+07, 3.596e+07, 4.374e+04, 3.516e+06, 5.114e+04, 1.752e+06, 1.131e+05, 1.937e+06, 2.580e+00, nan, 1.360e+05, 4.297e+02
1.5957e+10, 3.944e+07, 3.347e+07, 3.596e+07, 4.127e+04, 3.520e+06, 5.116e+04, 1.747e+06, 1.161e+05, 1.937e+06, 2.589e+00, nan, 1.361e+05, 4.415e+02
1.5989e+10, 3.944e+07, 3.347e+07, 3.596e+07, 4.113e+04, 3.524e+06, 5.118e+04, 1.747e+06, 1.144e+05, 1.937e+06, 2.599e+00, nan, 1.362e+05, 4.534e+02
1.6020e+10, 3.944e+07, 3.347e+07, 3.596e+07, 4.098e+04, 3.528e+06, 5.119e+04, 1.744e+06, 1.150e+05, 1.937e+06, 2.608e+00, nan, 1.362e+05, 4.654e+02
1.6052e+10, 3.944e+07, 3.347e+07, 3.596e+07, 4.083e+04, 3.533e+06, 5.121e+04, 1.741e+06, 1.157e+05, 1.937e+06, 2.618e+00, nan, 1.363e+05, 4.776e+02
1.6083e+10, 3.944e+07, 3.347e+07, 3.596e+07, 4.068e+04, 3.537e+06, 5.123e+04, 1.739e+06, 1.164e+05, 1.937e+06, 2.627e+00, nan, 1.363e+05, 4.899e+02
1.6115e+10, 3.944e+07, 3.347e+07, 3.596e+07, 4.053e+04, 3.541e+06, 5.125e+04, 1.734e+06, 1.190e+05, 1.936e+06, 2.636e+00, nan, 1.364e+05, 5.022e+02
1.6146e+10, 3.944e+07, 3.347e+07, 3.596e+07, 4.037e+04, 3.545e+06, 5.126e+04, 1.732e+06, 1.187e+05, 1.936e+06, 2.646e+00, nan, 1.364e+05, 5.147e+02
1.6178e+10, 3.944e+07, 3.347e+07, 3.596e+07, 4.022e+04, 3.549e+06, 5.128e+04, 1.730e+06, 1.189e+05, 1.936e+06, 2.655e+00, nan, 1.365e+05, 5.273e+02
1.6210e+10, 3.944e+07, 3.347e+07, 3.596e+07, 4.007e+04, 3.553e+06, 5.130e+04, 1.732e+06, 1.149e+05, 1.936e+06, 2.663e+00, nan, 1.366e+05, 5.400e+02
1.6241e+10, 3.944e+07, 3.346e+07, 3.596e+07, 3.754e+04, 3.557e+06, 5.132e+04, 1.732e+06, 1.128e+05, 1.936e+06, 2.672e+00, nan, 1.366e+05, 5.528e+02
1.6273e+10, 3.943e+07, 3.346e+07, 3.596e+07, 3.735e+04, 3.562e+06, 5.134e+04, 1.731e+06, 1.107e+05, 1.936e+06, 2.682e+00, nan, 1.367e+05, 5.657e+02
1.6304e+10, 3.943e+07, 3.346e+07, 3.596e+07, 3.716e+04, 3.566e+06, 5.135e+04, 1.729e+06, 1.111e+05, 1.936e+06, 2.691e+00, nan, 1.367e+05, 5.787e+02
1.6336e+10, 3.943e+07, 3.346e+07, 3.595e+07, 3.698e+04, 3.570e+06, 5.137e+04, 1.725e+06, 1.130e+05, 1.937e+06, 2.700e+00, nan, 1.368e+05, 5.919e+02
1.6367e+10, 3.943e+07, 3.346e+07, 3.595e+07, 3.680e+04, 3.574e+06, 5.139e+04, 1.717e+06, 1.183e+05, 1.936e+06, 2.710e+00, nan, 1.368e+05, 6.051e+02
1.6399e+10, 3.943e+07, 3.346e+07, 3.595e+07, 3.895e+04, 3.578e+06, 5.141e+04, 1.713e+06, 1.207e+05, 1.937e+06, 2.719e+00, nan, 1.369e+05, 6.185e+02
1.6430e+10, 3.943e+07, 3.346e+07, 3.595e+07, 3.876e+04, 3.582e+06, 5.142e+04, 1.712e+06, 1.188e+05, 1.937e+06, 2.729e+00, nan, 1.370e+05, 6.319e+02
1.6462e+10, 3.943e+07, 3.346e+07, 3.595e+07, 3.857e+04, 3.586e+06, 5.144e+04, 1.710e+06, 1.187e+05, 1.937e+06, 2.738e+00, nan, 1.370e+05, 6.455e+02
1.6493e+10, 3.943e+07, 3.346e+07, 3.595e+07, 3.839e+04, 3.590e+06, 5.146e+04, 1.710e+06, 1.169e+05, 1.937e+06, 2.748e+00, nan, 1.371e+05, 6.592e+02
1.6525e+10, 3.943e+07, 3.346e+07, 3.595e+07, 3.820e+04, 3.594e+06, 5.148e+04, 1.709e+06, 1.151e+05, 1.937e+06, 2.757e+00, nan, 1.371e+05, 6.729e+02
1.6556e+10, 3.943e+07, 3.346e+07, 3.595e+07, 3.803e+04, 3.598e+06, 5.150e+04, 1.709e+06, 1.132e+05, 1.937e+06, 2.767e+00, nan, 1.372e+05, 6.867e+02
1.6588e+10, 3.943e+07, 3.346e+07, 3.594e+07, 3.785e+04, 3.602e+06, 5.151e+04, 1.709e+06, 1.113e+05, 1.937e+06, 2.777e+00, nan, 1.372e+05, 7.007e+02
1.6620e+10, 3.943e+07, 3.346e+07, 3.594e+07, 3.768e+04, 3.606e+06, 5.153e+04, 1.706e+06, 1.117e+05, 1.937e+06, 2.786e+00, nan, 1.373e+05, 7.147e+02
1.6651e+10, 3.943e+07, 3.346e+07, 3.594e+07, 3.751e+04, 3.610e+06, 5.155e+04, 1.706e+06, 1.098e+05, 1.937e+06, 2.796e+00, nan, 1.373e+05, 7.288e+02
1.6683e+10, 3.943e+07, 3.346e+07, 3.594e+07, 3.734e+04, 3.614e+06, 5.157e+04, 1.704e+06, 1.098e+05, 1.938e+06, 2.805e+00, nan, 1.374e+05, 7.431e+02
1.6714e+10, 3.943e+07, 3.346e+07, 3.594e+07, 3.717e+04, 3.618e+06, 5.159e+04, 1.701e+06, 1.098e+05, 1.938e+06, 2.815e+00, nan, 1.375e+05, 7.574e+02
1.6746e+10, 3.943e+07, 3.346e+07, 3.594e+07, 3.701e+04, 3.622e+06, 5.160e+04, 1.697e+06, 1.120e+05, 1.938e+06, 2.823e+00, nan, 1.375e+05, 7.717e+02
1.6777e+10, 3.943e+07, 3.346e+07, 3.594e+07, 3.685e+04, 3.625e+06, 5.162e+04, 1.695e+06, 1.118e+05, 1.938e+06, 2.832e+00, nan, 1.376e+05, 7.862e+02
1.6809e+10, 3.943e+07, 3.346e+07, 3.594e+07, 3.669e+04, 3.629e+06, 5.164e+04, 1.690e+06, 1.142e+05, 1.938e+06, 2.842e+00, nan, 1.376e+05, 8.008e+02
1.6840e+10, 3.943e+07, 3.346e+07, 3.594e+07, 3.653e+04, 3.633e+06, 5.166e+04, 1.688e+06, 1.147e+05, 1.938e+06, 2.851e+00, nan, 1.377e+05, 8.155e+02
1.6872e+10, 3.943e+07, 3.346e+07, 3.594e+07, 3.638e+04, 3.637e+06, 5.168e+04, 1.683e+06, 1.175e+05, 1.938e+06, 2.861e+00, nan, 1.377e+05, 8.303e+02
1.6903e+10, 3.943e+07, 3.346e+07, 3.594e+07, 3.623e+04, 3.641e+06, 5.169e+04, 1.683e+06, 1.156e+05, 1.938e+06, 2.870e+00, nan, 1.378e+05, 8.451e+02
1.6935e+10, 3.943e+07, 3.346e+07, 3.593e+07, 3.608e+04, 3.645e+06, 5.171e+04, 1.678e+06, 1.180e+05, 1.938e+06, 2.880e+00, nan, 1.379e+05, 8.600e+02
1.6966e+10, 3.943e+07, 3.346e+07, 3.593e+07, 3.827e+04, 3.649e+06, 5.173e+04, 1.678e+06, 1.161e+05, 1.939e+06, 2.890e+00, nan, 1.379e+05, 8.751e+02
1.6998e+10, 3.943e+07, 3.346e+07, 3.593e+07, 3.579e+04, 3.652e+06, 5.175e+04, 1.675e+06, 1.166e+05, 1.939e+06, 2.899e+00, nan, 1.380e+05, 8.901e+02
1.7029e+10, 3.943e+07, 3.345e+07, 3.593e+07, 3.562e+04, 3.656e+06, 5.176e+04, 1.675e+06, 1.149e+05, 1.939e+06, 2.909e+00, nan, 1.380e+05, 9.053e+02
1.7061e+10, 3.943e+07, 3.345e+07, 3.593e+07, 3.546e+04, 3.660e+06, 5.178e+04, 1.672e+06, 1.156e+05, 1.939e+06, 2.919e+00, nan, 1.381e+05, 9.205e+02
1.7093e+10, 3.942e+07, 3.345e+07, 3.593e+07, 3.530e+04, 3.664e+06, 5.180e+04, 1.670e+06, 1.158e+05, 1.939e+06, 2.929e+00, nan, 1.381e+05, 9.359e+02
1.7124e+10, 3.942e+07, 3.345e+07, 3.593e+07, 3.515e+04, 3.667e+06, 5.182e+04, 1.669e+06, 1.141e+05, 1.939e+06, 2.938e+00, nan, 1.382e+05, 9.513e+02
1.7156e+10, 3.942e+07, 3.345e+07, 3.593e+07, 3.506e+04, 3.671e+06, 5.184e+04, 1.669e+06, 1.124e+05, 1.939e+06, 2.948e+00, nan, 1.382e+05, 9.668e+02
1.7187e+10, 3.942e+07, 3.345e+07, 3.593e+07, 3.503e+04, 3.675e+06, 5.185e+04, 1.669e+06, 1.107e+05, 1.939e+06, 2.958e+00, nan, 1.383e+05, 9.824e+02
1.7219e+10, 3.942e+07, 3.345e+07, 3.592e+07, 3.732e+04, 3.678e+06, 5.187e+04, 1.668e+06, 1.089e+05, 1.939e+06, 2.967e+00, nan, 1.383e+05, 9.980e+02
1.7250e+10, 3.942e+07, 3.345e+07, 3.592e+07, 3.728e+04, 3.682e+06, 5.189e+04, 1.666e+06, 1.095e+05, 1.939e+06, 2.977e+00, nan, 1.384e+05, 1.014e+03
1.7282e+10, 3.942e+07, 3.345e+07, 3.592e+07, 3.725e+04, 3.686e+06, 5.191e+04, 1.667e+06, 1.057e+05, 1.939e+06, 2.986e+00, nan, 1.385e+05, 1.029e+03
1.7313e+10, 3.942e+07, 3.345e+07, 3.592e+07, 3.721e+04, 3.689e+06, 5.193e+04, 1.667e+06, 1.038e+05, 1.939e+06, 2.995e+00, nan, 1.385e+05, 1.045e+03
1.7345e+10, 3.942e+07, 3.345e+07, 3.592e+07, 3.719e+04, 3.693e+06, 5.194e+04, 1.658e+06, 1.110e+05, 1.939e+06, 3.004e+00, nan, 1.386e+05, 1.061e+03
1.7376e+10, 3.942e+07, 3.345e+07, 3.592e+07, 3.717e+04, 3.697e+06, 5.196e+04, 1.658e+06, 1.090e+05, 1.939e+06, 3.014e+00, nan, 1.386e+05, 1.077e+03
1.7408e+10, 3.942e+07, 3.345e+07, 3.592e+07, 3.714e+04, 3.700e+06, 5.198e+04, 1.658e+06, 1.071e+05, 1.939e+06, 3.024e+00, nan, 1.387e+05, 1.093e+03
1.7439e+10, 3.942e+07, 3.345e+07, 3.592e+07, 3.712e+04, 3.704e+06, 5.200e+04, 1.653e+06, 1.095e+05, 1.940e+06, 3.033e+00, nan, 1.387e+05, 1.109e+03
1.7471e+10, 3.942e+07, 3.345e+07, 3.591e+07, 3.710e+04, 3.707e+06, 5.201e+04, 1.649e+06, 1.120e+05, 1.940e+06, 3.043e+00, nan, 1.388e+05, 1.126e+03
1.7502e+10, 3.942e+07, 3.345e+07, 3.591e+07, 3.707e+04, 3.711e+06, 5.203e+04, 1.648e+06, 1.102e+05, 1.940e+06, 3.053e+00, nan, 1.388e+05, 1.142e+03
1.7534e+10, 3.942e+07, 3.345e+07, 3.591e+07, 3.705e+04, 3.714e+06, 5.205e+04, 1.646e+06, 1.103e+05, 1.940e+06, 3.063e+00, nan, 1.389e+05, 1.158e+03
1.7566e+10, 3.942e+07, 3.345e+07, 3.591e+07, 3.702e+04, 3.718e+06, 5.207e+04, 1.642e+06, 1.128e+05, 1.940e+06, 3.073e+00, nan, 1.390e+05, 1.175e+03
1.7597e+10, 3.942e+07, 3.345e+07, 3.591e+07, 3.699e+04, 3.721e+06, 5.209e+04, 1.641e+06, 1.111e+05, 1.940e+06, 3.083e+00, nan, 1.390e+05, 1.191e+03
1.7629e+10, 3.942e+07, 3.345e+07, 3.591e+07, 3.697e+04, 3.725e+06, 5.210e+04, 1.641e+06, 1.095e+05, 1.940e+06, 3.092e+00, nan, 1.391e+05, 1.208e+03
1.7660e+10, 3.942e+07, 3.345e+07, 3.591e+07, 3.694e+04, 3.728e+06, 5.212e+04, 1.636e+06, 1.122e+05, 1.940e+06, 3.102e+00, nan, 1.391e+05, 1.224e+03
1.7692e+10, 3.942e+07, 3.345e+07, 3.591e+07, 3.692e+04, 3.732e+06, 5.214e+04, 1.636e+06, 1.106e+05, 1.940e+06, 3.112e+00, nan, 1.392e+05, 1.241e+03
1.7723e+10, 3.942e+07, 3.345e+07, 3.590e+07, 3.690e+04, 3.735e+06, 5.216e+04, 1.636e+06, 1.091e+05, 1.940e+06, 3.122e+00, nan, 1.392e+05, 1.257e+03
1.7755e+10, 3.942e+07, 3.345e+07, 3.590e+07, 3.689e+04, 3.739e+06, 5.218e+04, 1.629e+06, 1.143e+05, 1.940e+06, 3.132e+00, nan, 1.393e+05, 1.274e+03
1.7786e+10, 3.942e+07, 3.345e+07, 3.590e+07, 3.688e+04, 3.742e+06, 5.219e+04, 1.627e+06, 1.147e+05, 1.940e+06, 3.142e+00, nan, 1.393e+05, 1.291e+03
1.7818e+10, 3.942e+07, 3.345e+07, 3.590e+07, 3.688e+04, 3.746e+06, 5.221e+04, 1.624e+06, 1.155e+05, 1.939e+06, 3.152e+00, nan, 1.394e+05, 1.308e+03
1.7849e+10, 3.942e+07, 3.345e+07, 3.590e+07, 3.688e+04, 3.749e+06, 5.223e+04, 1.622e+06, 1.159e+05, 1.939e+06, 3.162e+00, nan, 1.394e+05, 1.325e+03
1.7881e+10, 3.942e+07, 3.344e+07, 3.590e+07, 3.920e+04, 3.753e+06, 5.225e+04, 1.619e+06, 1.167e+05, 1.939e+06, 3.170e+00, nan, 1.395e+05, 1.342e+03
1.7913e+10, 3.942e+07, 3.344e+07, 3.590e+07, 3.919e+04, 3.756e+06, 5.227e+04, 1.615e+06, 1.192e+05, 1.939e+06, 3.179e+00, nan, 1.396e+05, 1.359e+03
1.7944e+10, 3.941e+07, 3.344e+07, 3.589e+07, 3.919e+04, 3.760e+06, 5.228e+04, 1.612e+06, 1.199e+05, 1.939e+06, 3.189e+00, nan, 1.396e+05, 1.376e+03
1.7976e+10, 3.941e+07, 3.344e+07, 3.589e+07, 3.920e+04, 3.763e+06, 5.230e+04, 1.612e+06, 1.181e+05, 1.939e+06, 3.199e+00, nan, 1.397e+05, 1.393e+03
1.8007e+10, 3.941e+07, 3.344e+07, 3.589e+07, 3.924e+04, 3.767e+06, 5.232e+04, 1.612e+06, 1.163e+05, 1.939e+06, 3.209e+00, nan, 1.397e+05, 1.411e+03
1.8039e+10, 3.941e+07, 3.344e+07, 3.589e+07, 3.929e+04, 3.770e+06, 5.234e+04, 1.609e+06, 1.171e+05, 1.939e+06, 3.219e+00, nan, 1.398e+05, 1.428e+03
1.8070e+10, 3.941e+07, 3.344e+07, 3.589e+07, 3.935e+04, 3.774e+06, 5.235e+04, 1.603e+06, 1.223e+05, 1.939e+06, 3.229e+00, nan, 1.398e+05, 1.445e+03
1.8102e+10, 3.941e+07, 3.344e+07, 3.589e+07, 3.944e+04, 3.777e+06, 5.237e+04, 1.596e+06, 1.271e+05, 1.939e+06, 3.239e+00, nan, 1.399e+05, 1.463e+03
1.8133e+10, 3.941e+07, 3.344e+07, 3.589e+07, 3.721e+04, 3.781e+06, 5.239e+04, 1.594e+06, 1.275e+05, 1.939e+06, 3.249e+00, nan, 1.399e+05, 1.480e+03
1.8165e+10, 3.941e+07, 3.344e+07, 3.589e+07, 3.730e+04, 3.784e+06, 5.241e+04, 1.594e+06, 1.260e+05, 1.939e+06, 3.259e+00, nan, 1.400e+05, 1.498e+03
1.8196e+10, 3.941e+07, 3.344e+07, 3.589e+07, 3.742e+04, 3.787e+06, 5.243e+04, 1.591e+06, 1.264e+05, 1.938e+06, 3.269e+00, nan, 1.400e+05, 1.515e+03
1.8228e+10, 3.941e+07, 3.344e+07, 3.588e+07, 3.752e+04, 3.791e+06, 5.244e+04, 1.591e+06, 1.249e+05, 1.938e+06, 3.279e+00, nan, 1.401e+05, 1.533e+03
1.8259e+10, 3.941e+07, 3.344e+07, 3.588e+07, 3.996e+04, 3.795e+06, 5.246e+04, 1.591e+06, 1.234e+05, 1.938e+06, 3.289e+00, nan, 1.402e+05, 1.551e+03
1.8291e+10, 3.941e+07, 3.344e+07, 3.588e+07, 4.009e+04, 3.798e+06, 5.248e+04, 1.589e+06, 1.238e+05, 1.938e+06, 3.299e+00, nan, 1.402e+05, 1.568e+03
1.8322e+10, 3.941e+07, 3.344e+07, 3.588e+07, 4.025e+04, 3.802e+06, 5.250e+04, 1.588e+06, 1.222e+05, 1.938e+06, 3.309e+00, nan, 1.403e+05, 1.586e+03
1.8354e+10, 3.941e+07, 3.344e+07, 3.588e+07, 4.042e+04, 3.805e+06, 5.252e+04, 1.586e+06, 1.231e+05, 1.938e+06, 3.319e+00, nan, 1.403e+05, 1.604e+03
1.8386e+10, 3.941e+07, 3.344e+07, 3.587e+07, 4.062e+04, 3.809e+06, 5.253e+04, 1.584e+06, 1.235e+05, 1.938e+06, 3.329e+00, nan, 1.404e+05, 1.622e+03
1.8417e+10, 3.941e+07, 3.344e+07, 3.587e+07, 4.084e+04, 3.812e+06, 5.255e+04, 1.581e+06, 1.243e+05, 1.938e+06, 3.339e+00, nan, 1.404e+05, 1.640e+03
1.8449e+10, 3.941e+07, 3.344e+07, 3.587e+07, 4.105e+04, 3.816e+06, 5.257e+04, 1.580e+06, 1.237e+05, 1.938e+06, 3.349e+00, nan, 1.405e+05, 1.658e+03
1.8480e+10, 3.941e+07, 3.344e+07, 3.587e+07, 4.124e+04, 3.820e+06, 5.259e+04, 1.581e+06, 1.201e+05, 1.938e+06, 3.359e+00, nan, 1.405e+05, 1.676e+03
1.8512e+10, 3.941e+07, 3.344e+07, 3.587e+07, 4.141e+04, 3.823e+06, 5.261e+04, 1.581e+06, 1.183e+05, 1.938e+06, 3.368e+00, nan, 1.406e+05, 1.694e+03
1.8543e+10, 3.941e+07, 3.344e+07, 3.586e+07, 4.158e+04, 3.828e+06, 5.262e+04, 1.577e+06, 1.208e+05, 1.939e+06, 3.378e+00, nan, 1.406e+05, 1.712e+03
1.8575e+10, 3.941e+07, 3.344e+07, 3.586e+07, 4.213e+04, 3.831e+06, 5.264e+04, 1.577e+06, 1.191e+05, 1.939e+06, 3.388e+00, nan, 1.407e+05, 1.730e+03
1.8606e+10, 3.941e+07, 3.344e+07, 3.586e+07, 4.498e+04, 3.835e+06, 5.266e+04, 1.574e+06, 1.198e+05, 1.939e+06, 3.398e+00, nan, 1.408e+05, 1.748e+03
1.8638e+10, 3.941e+07, 3.344e+07, 3.586e+07, 4.535e+04, 3.839e+06, 5.268e+04, 1.574e+06, 1.182e+05, 1.939e+06, 3.408e+00, nan, 1.408e+05, 1.767e+03
1.8669e+10, 3.941e+07, 3.344e+07, 3.585e+07, 4.583e+04, 3.843e+06, 5.269e+04, 1.572e+06, 1.184e+05, 1.939e+06, 3.418e+00, nan, 1.409e+05, 1.785e+03
1.8701e+10, 3.941e+07, 3.344e+07, 3.585e+07, 4.675e+04, 3.846e+06, 5.271e+04, 1.569e+06, 1.192e+05, 1.939e+06, 3.428e+00, nan, 1.409e+05, 1.803e+03
1.8732e+10, 3.941e+07, 3.344e+07, 3.585e+07, 4.756e+04, 3.849e+06, 5.273e+04, 1.569e+06, 1.175e+05, 1.939e+06, 3.438e+00, nan, 1.410e+05, 1.822e+03
1.8764e+10, 3.941e+07, 3.343e+07, 3.585e+07, 4.594e+04, 3.853e+06, 5.275e+04, 1.563e+06, 1.216e+05, 1.939e+06, 3.448e+00, nan, 1.410e+05, 1.840e+03
1.8795e+10, 3.941e+07, 3.343e+07, 3.585e+07, 4.656e+04, 3.856e+06, 5.277e+04, 1.557e+06, 1.257e+05, 1.939e+06, 3.458e+00, nan, 1.411e+05, 1.859e+03
1.8827e+10, 3.940e+07, 3.343e+07, 3.585e+07, 4.241e+04, 3.859e+06, 5.278e+04, 1.557e+06, 1.241e+05, 1.939e+06, 3.469e+00, nan, 1.411e+05, 1.877e+03
1.8859e+10, 3.940e+07, 3.343e+07, 3.586e+07, 3.567e+04, 3.862e+06, 5.280e+04, 1.557e+06, 1.226e+05, 1.939e+06, 3.479e+00, nan, 1.412e+05, 1.896e+03
1.8890e+10, 3.940e+07, 3.343e+07, 3.586e+07, 3.583e+04, 3.866e+06, 5.282e+04, 1.556e+06, 1.211e+05, 1.939e+06, 3.489e+00, nan, 1.412e+05, 1.915e+03
1.8922e+10, 3.940e+07, 3.343e+07, 3.585e+07, 3.599e+04, 3.869e+06, 5.284e+04, 1.554e+06, 1.216e+05, 1.939e+06, 3.499e+00, nan, 1.413e+05, 1.933e+03
1.8953e+10, 3.940e+07, 3.343e+07, 3.585e+07, 3.614e+04, 3.872e+06, 5.286e+04, 1.552e+06, 1.220e+05, 1.939e+06, 3.510e+00, nan, 1.414e+05, 1.952e+03
1.8985e+10, 3.940e+07, 3.343e+07, 3.585e+07, 3.630e+04, 3.875e+06, 5.287e+04, 1.552e+06, 1.205e+05, 1.939e+06, 3.520e+00, nan, 1.414e+05, 1.971e+03
1.9016e+10, 3.940e+07, 3.343e+07, 3.585e+07, 3.410e+04, 3.879e+06, 5.289e+04, 1.549e+06, 1.215e+05, 1.939e+06, 3.530e+00, nan, 1.415e+05, 1.990e+03
1.9048e+10, 3.940e+07, 3.343e+07, 3.585e+07, 3.421e+04, 3.882e+06, 5.291e+04, 1.545e+06, 1.244e+05, 1.939e+06, 3.540e+00, nan, 1.415e+05, 2.009e+03
1.9079e+10, 3.940e+07, 3.343e+07, 3.585e+07, 3.432e+04, 3.885e+06, 5.293e+04, 1.542e+06, 1.255e+05, 1.939e+06, 3.551e+00, nan, 1.416e+05, 2.027e+03
1.9111e+10, 3.940e+07, 3.343e+07, 3.585e+07, 3.444e+04, 3.889e+06, 5.295e+04, 1.540e+06, 1.260e+05, 1.939e+06, 3.561e+00, nan, 1.416e+05, 2.046e+03
1.9142e+10, 3.940e+07, 3.343e+07, 3.585e+07, 3.457e+04, 3.892e+06, 5.296e+04, 1.533e+06, 1.314e+05, 1.938e+06, 3.571e+00, nan, 1.417e+05, 2.066e+03
1.9174e+10, 3.940e+07, 3.343e+07, 3.584e+07, 3.703e+04, 3.895e+06, 5.298e+04, 1.531e+06, 1.319e+05, 1.938e+06, 3.579e+00, nan, 1.417e+05, 2.085e+03
1.9205e+10, 3.940e+07, 3.343e+07, 3.584e+07, 3.715e+04, 3.899e+06, 5.300e+04, 1.527e+06, 1.343e+05, 1.938e+06, 3.589e+00, nan, 1.418e+05, 2.104e+03
1.9237e+10, 3.940e+07, 3.343e+07, 3.584e+07, 3.961e+04, 3.902e+06, 5.302e+04, 1.525e+06, 1.347e+05, 1.938e+06, 3.600e+00, nan, 1.418e+05, 2.123e+03
1.9269e+10, 3.940e+07, 3.343e+07, 3.584e+07, 3.734e+04, 3.905e+06, 5.303e+04, 1.523e+06, 1.350e+05, 1.938e+06, 3.610e+00, nan, 1.419e+05, 2.142e+03
1.9300e+10, 3.940e+07, 3.343e+07, 3.584e+07, 3.505e+04, 3.909e+06, 5.305e+04, 1.523e+06, 1.335e+05, 1.938e+06, 3.620e+00, nan, 1.420e+05, 2.161e+03
1.9332e+10, 3.940e+07, 3.343e+07, 3.584e+07, 3.511e+04, 3.913e+06, 5.307e+04, 1.523e+06, 1.319e+05, 1.938e+06, 3.630e+00, nan, 1.420e+05, 2.180e+03
1.9363e+10, 3.940e+07, 3.343e+07, 3.583e+07, 3.521e+04, 3.917e+06, 5.309e+04, 1.518e+06, 1.346e+05, 1.938e+06, 3.641e+00, nan, 1.421e+05, 2.200e+03
1.9395e+10, 3.940e+07, 3.343e+07, 3.583e+07, 3.553e+04, 3.920e+06, 5.311e+04, 1.518e+06, 1.330e+05, 1.938e+06, 3.651e+00, nan, 1.421e+05, 2.219e+03
1.9426e+10, 3.940e+07, 3.343e+07, 3.583e+07, 3.576e+04, 3.923e+06, 5.312e+04, 1.516e+06, 1.333e+05, 1.938e+06, 3.661e+00, nan, 1.422e+05, 2.238e+03
1.9458e+10, 3.940e+07, 3.343e+07, 3.583e+07, 3.351e+04, 3.927e+06, 5.314e+04, 1.514e+06, 1.337e+05, 1.939e+06, 3.671e+00, nan, 1.422e+05, 2.258e+03
1.9489e+10, 3.940e+07, 3.343e+07, 3.583e+07, 3.356e+04, 3.930e+06, 5.316e+04, 1.509e+06, 1.364e+05, 1.939e+06, 3.682e+00, nan, 1.423e+05, 2.277e+03
1.9521e+10, 3.940e+07, 3.343e+07, 3.583e+07, 3.360e+04, 3.934e+06, 5.318e+04, 1.509e+06, 1.350e+05, 1.939e+06, 3.692e+00, nan, 1.423e+05, 2.297e+03
1.9552e+10, 3.940e+07, 3.343e+07, 3.583e+07, 3.363e+04, 3.937e+06, 5.320e+04, 1.507e+06, 1.355e+05, 1.939e+06, 3.703e+00, nan, 1.424e+05, 2.316e+03
1.9584e+10, 3.940e+07, 3.343e+07, 3.583e+07, 3.366e+04, 3.940e+06, 5.321e+04, 1.507e+06, 1.341e+05, 1.939e+06, 3.713e+00, nan, 1.424e+05, 2.336e+03
1.9615e+10, 3.940e+07, 3.343e+07, 3.582e+07, 3.601e+04, 3.944e+06, 5.323e+04, 1.506e+06, 1.327e+05, 1.939e+06, 3.724e+00, nan, 1.425e+05, 2.355e+03
1.9647e+10, 3.940e+07, 3.342e+07, 3.582e+07, 3.603e+04, 3.947e+06, 5.325e+04, 1.506e+06, 1.313e+05, 1.939e+06, 3.734e+00, nan, 1.426e+05, 2.375e+03
1.9678e+10, 3.940e+07, 3.342e+07, 3.582e+07, 3.602e+04, 3.951e+06, 5.327e+04, 1.499e+06, 1.371e+05, 1.939e+06, 3.744e+00, nan, 1.426e+05, 2.395e+03
1.9710e+10, 3.939e+07, 3.342e+07, 3.582e+07, 3.604e+04, 3.955e+06, 5.329e+04, 1.498e+06, 1.357e+05, 1.939e+06, 3.755e+00, nan, 1.427e+05, 2.414e+03
1.9742e+10, 3.939e+07, 3.342e+07, 3.582e+07, 3.369e+04, 3.959e+06, 5.330e+04, 1.496e+06, 1.362e+05, 1.939e+06, 3.765e+00, nan, 1.427e+05, 2.434e+03
1.9773e+10, 3.939e+07, 3.342e+07, 3.582e+07, 3.375e+04, 3.963e+06, 5.332e+04, 1.490e+06, 1.411e+05, 1.939e+06, 3.776e+00, nan, 1.428e+05, 2.454e+03
1.9805e+10, 3.939e+07, 3.342e+07, 3.581e+07, 3.401e+04, 3.966e+06, 5.334e+04, 1.486e+06, 1.436e+05, 1.939e+06, 3.786e+00, nan, 1.428e+05, 2.474e+03
1.9836e+10, 3.939e+07, 3.342e+07, 3.581e+07, 3.415e+04, 3.969e+06, 5.336e+04, 1.486e+06, 1.422e+05, 1.939e+06, 3.797e+00, nan, 1.429e+05, 2.493e+03
1.9868e+10, 3.939e+07, 3.342e+07, 3.581e+07, 3.421e+04, 3.973e+06, 5.338e+04, 1.484e+06, 1.426e+05, 1.939e+06, 3.805e+00, nan, 1.429e+05, 2.513e+03
1.9899e+10, 3.939e+07, 3.342e+07, 3.581e+07, 3.424e+04, 3.977e+06, 5.339e+04, 1.481e+06, 1.435e+05, 1.939e+06, 3.815e+00, nan, 1.430e+05, 2.533e+03
1.9931e+10, 3.939e+07, 3.342e+07, 3.581e+07, 3.427e+04, 3.980e+06, 5.341e+04, 1.479e+06, 1.440e+05, 1.939e+06, 3.826e+00, nan, 1.430e+05, 2.553e+03
1.9962e+10, 3.939e+07, 3.342e+07, 3.581e+07, 3.436e+04, 3.984e+06, 5.343e+04, 1.479e+06, 1.425e+05, 1.939e+06, 3.836e+00, nan, 1.431e+05, 2.573e+03
1.9994e+10, 3.939e+07, 3.342e+07, 3.580e+07, 3.712e+04, 3.988e+06, 5.345e+04, 1.476e+06, 1.433e+05, 1.939e+06, 3.846e+00, nan, 1.432e+05, 2.593e+03
2.0025e+10, 3.939e+07, 3.342e+07, 3.580e+07, 3.735e+04, 3.992e+06, 5.347e+04, 1.474e+06, 1.443e+05, 1.939e+06, 3.857e+00, nan, 1.432e+05, 2.613e+03
2.0057e+10, 3.939e+07, 3.342e+07, 3.579e+07, 3.980e+04, 3.996e+06, 5.348e+04, 1.473e+06, 1.435e+05, 1.939e+06, 3.867e+00, nan, 1.433e+05, 2.633e+03
2.0088e+10, 3.939e+07, 3.342e+07, 3.580e+07, 3.811e+04, 3.999e+06, 5.350e+04, 1.470e+06, 1.444e+05, 1.939e+06, 3.878e+00, nan, 1.433e+05, 2.653e+03
2.0120e+10, 3.939e+07, 3.342e+07, 3.579e+07, 3.867e+04, 4.002e+06, 5.352e+04, 1.470e+06, 1.430e+05, 1.939e+06, 3.888e+00, nan, 1.434e+05, 2.674e+03
2.0152e+10, 3.939e+07, 3.342e+07, 3.579e+07, 3.911e+04, 4.005e+06, 5.354e+04, 1.470e+06, 1.415e+05, 1.939e+06, 3.899e+00, nan, 1.434e+05, 2.694e+03
2.0183e+10, 3.939e+07, 3.342e+07, 3.579e+07, 3.947e+04, 4.008e+06, 5.356e+04, 1.467e+06, 1.424e+05, 1.940e+06, 3.910e+00, nan, 1.435e+05, 2.714e+03
2.0215e+10, 3.939e+07, 3.342e+07, 3.579e+07, 3.977e+04, 4.011e+06, 5.357e+04, 1.467e+06, 1.409e+05, 1.940e+06, 3.920e+00, nan, 1.435e+05, 2.734e+03
2.0246e+10, 3.939e+07, 3.342e+07, 3.579e+07, 4.004e+04, 4.015e+06, 5.359e+04, 1.467e+06, 1.396e+05, 1.940e+06, 3.931e+00, nan, 1.436e+05, 2.755e+03
2.0278e+10, 3.939e+07, 3.342e+07, 3.579e+07, 4.026e+04, 4.018e+06, 5.361e+04, 1.467e+06, 1.383e+05, 1.940e+06, 3.941e+00, nan, 1.436e+05, 2.775e+03
2.0309e+10, 3.939e+07, 3.342e+07, 3.578e+07, 4.047e+04, 4.021e+06, 5.363e+04, 1.465e+06, 1.389e+05, 1.940e+06, 3.952e+00, nan, 1.437e+05, 2.795e+03
2.0341e+10, 3.939e+07, 3.342e+07, 3.578e+07, 4.066e+04, 4.024e+06, 5.365e+04, 1.461e+06, 1.414e+05, 1.940e+06, 3.963e+00, nan, 1.437e+05, 2.816e+03
2.0372e+10, 3.939e+07, 3.342e+07, 3.578e+07, 4.318e+04, 4.027e+06, 5.366e+04, 1.458e+06, 1.424e+05, 1.940e+06, 3.973e+00, nan, 1.438e+05, 2.836e+03
2.0404e+10, 3.939e+07, 3.342e+07, 3.578e+07, 4.335e+04, 4.030e+06, 5.368e+04, 1.456e+06, 1.429e+05, 1.940e+06, 3.984e+00, nan, 1.439e+05, 2.857e+03
2.0435e+10, 3.939e+07, 3.342e+07, 3.578e+07, 4.118e+04, 4.033e+06, 5.370e+04, 1.456e+06, 1.415e+05, 1.940e+06, 3.995e+00, nan, 1.439e+05, 2.877e+03
2.0467e+10, 3.939e+07, 3.342e+07, 3.578e+07, 4.131e+04, 4.036e+06, 5.372e+04, 1.455e+06, 1.401e+05, 1.940e+06, 4.005e+00, nan, 1.440e+05, 2.898e+03
2.0498e+10, 3.939e+07, 3.342e+07, 3.578e+07, 4.146e+04, 4.040e+06, 5.374e+04, 1.453e+06, 1.411e+05, 1.941e+06, 4.016e+00, nan, 1.440e+05, 2.919e+03
2.0530e+10, 3.939e+07, 3.342e+07, 3.577e+07, 4.161e+04, 4.043e+06, 5.375e+04, 1.453e+06, 1.398e+05, 1.941e+06, 4.027e+00, nan, 1.441e+05, 2.939e+03
2.0562e+10, 3.939e+07, 3.341e+07, 3.577e+07, 4.178e+04, 4.046e+06, 5.377e+04, 1.452e+06, 1.385e+05, 1.941e+06, 4.037e+00, nan, 1.441e+05, 2.960e+03
2.0593e+10, 3.939e+07, 3.341e+07, 3.577e+07, 4.430e+04, 4.049e+06, 5.379e+04, 1.452e+06, 1.372e+05, 1.941e+06, 4.048e+00, nan, 1.442e+05, 2.981e+03
2.0625e+10, 3.938e+07, 3.341e+07, 3.577e+07, 4.448e+04, 4.052e+06, 5.381e+04, 1.449e+06, 1.387e+05, 1.941e+06, 4.056e+00, nan, 1.442e+05, 3.002e+03
2.0656e+10, 3.938e+07, 3.341e+07, 3.577e+07, 4.468e+04, 4.055e+06, 5.383e+04, 1.447e+06, 1.397e+05, 1.941e+06, 4.067e+00, nan, 1.443e+05, 3.022e+03
2.0688e+10, 3.938e+07, 3.341e+07, 3.576e+07, 4.488e+04, 4.059e+06, 5.384e+04, 1.447e+06, 1.383e+05, 1.941e+06, 4.078e+00, nan, 1.443e+05, 3.043e+03
2.0719e+10, 3.938e+07, 3.341e+07, 3.576e+07, 4.510e+04, 4.062e+06, 5.386e+04, 1.441e+06, 1.422e+05, 1.941e+06, 4.088e+00, nan, 1.444e+05, 3.064e+03
2.0751e+10, 3.938e+07, 3.341e+07, 3.576e+07, 4.533e+04, 4.065e+06, 5.388e+04, 1.437e+06, 1.453e+05, 1.941e+06, 4.099e+00, nan, 1.444e+05, 3.085e+03
2.0782e+10, 3.938e+07, 3.341e+07, 3.576e+07, 4.791e+04, 4.069e+06, 5.390e+04, 1.432e+06, 1.488e+05, 1.941e+06, 4.110e+00, nan, 1.445e+05, 3.106e+03
2.0814e+10, 3.938e+07, 3.341e+07, 3.576e+07, 4.344e+04, 4.072e+06, 5.392e+04, 1.429e+06, 1.500e+05, 1.941e+06, 4.120e+00, nan, 1.446e+05, 3.127e+03
2.0845e+10, 3.938e+07, 3.341e+07, 3.576e+07, 4.366e+04, 4.076e+06, 5.393e+04, 1.424e+06, 1.541e+05, 1.941e+06, 4.131e+00, nan, 1.446e+05, 3.148e+03
2.0877e+10, 3.938e+07, 3.341e+07, 3.576e+07, 4.397e+04, 4.079e+06, 5.395e+04, 1.419e+06, 1.581e+05, 1.941e+06, 4.142e+00, nan, 1.447e+05, 3.169e+03
2.0908e+10, 3.938e+07, 3.341e+07, 3.575e+07, 4.448e+04, 4.083e+06, 5.397e+04, 1.416e+06, 1.596e+05, 1.941e+06, 4.153e+00, nan, 1.447e+05, 3.190e+03
2.0940e+10, 3.938e+07, 3.341e+07, 3.575e+07, 4.255e+04, 4.086e+06, 5.399e+04, 1.416e+06, 1.584e+05, 1.940e+06, 4.163e+00, nan, 1.448e+05, 3.211e+03
2.0971e+10, 3.938e+07, 3.341e+07, 3.575e+07, 4.516e+04, 4.089e+06, 5.401e+04, 1.416e+06, 1.573e+05, 1.941e+06, 4.174e+00, nan, 1.448e+05, 3.232e+03
2.1003e+10, 3.938e+07, 3.341e+07, 3.575e+07, 4.539e+04, 4.092e+06, 5.402e+04, 1.415e+06, 1.562e+05, 1.940e+06, 4.185e+00, nan, 1.449e+05, 3.253e+03
2.1035e+10, 3.938e+07, 3.341e+07, 3.575e+07, 4.559e+04, 4.096e+06, 5.404e+04, 1.415e+06, 1.551e+05, 1.940e+06, 4.196e+00, nan, 1.449e+05, 3.274e+03
2.1066e+10, 3.938e+07, 3.341e+07, 3.575e+07, 4.578e+04, 4.099e+06, 5.406e+04, 1.415e+06, 1.540e+05, 1.940e+06, 4.207e+00, nan, 1.450e+05, 3.295e+03
2.1098e+10, 3.938e+07, 3.341e+07, 3.575e+07, 4.361e+04, 4.103e+06, 5.408e+04, 1.415e+06, 1.530e+05, 1.940e+06, 4.218e+00, nan, 1.450e+05, 3.316e+03
2.1129e+10, 3.938e+07, 3.341e+07, 3.574e+07, 4.374e+04, 4.106e+06, 5.410e+04, 1.412e+06, 1.544e+05, 1.940e+06, 4.229e+00, nan, 1.451e+05, 3.338e+03
2.1161e+10, 3.938e+07, 3.341e+07, 3.574e+07, 4.400e+04, 4.110e+06, 5.411e+04, 1.412e+06, 1.534e+05, 1.940e+06, 4.240e+00, nan, 1.451e+05, 3.359e+03
2.1192e+10, 3.938e+07, 3.341e+07, 3.574e+07, 4.439e+04, 4.113e+06, 5.413e+04, 1.410e+06, 1.542e+05, 1.940e+06, 4.251e+00, nan, 1.452e+05, 3.380e+03
2.1224e+10, 3.938e+07, 3.341e+07, 3.574e+07, 4.699e+04, 4.117e+06, 5.415e+04, 1.410e+06, 1.532e+05, 1.940e+06, 4.261e+00, nan, 1.452e+05, 3.401e+03
2.1255e+10, 3.938e+07, 3.341e+07, 3.573e+07, 4.717e+04, 4.121e+06, 5.417e+04, 1.409e+06, 1.522e+05, 1.940e+06, 4.272e+00, nan, 1.453e+05, 3.423e+03
2.1287e+10, 3.938e+07, 3.341e+07, 3.573e+07, 4.779e+04, 4.124e+06, 5.419e+04, 1.403e+06, 1.574e+05, 1.940e+06, 4.283e+00, nan, 1.454e+05, 3.444e+03
2.1318e+10, 3.938e+07, 3.341e+07, 3.573e+07, 4.830e+04, 4.127e+06, 5.420e+04, 1.401e+06, 1.584e+05, 1.939e+06, 4.294e+00, nan, 1.454e+05, 3.465e+03
2.1350e+10, 3.938e+07, 3.341e+07, 3.573e+07, 4.871e+04, 4.130e+06, 5.422e+04, 1.401e+06, 1.573e+05, 1.939e+06, 4.305e+00, nan, 1.455e+05, 3.487e+03
2.1381e+10, 3.938e+07, 3.341e+07, 3.573e+07, 4.904e+04, 4.133e+06, 5.424e+04, 1.400e+06, 1.563e+05, 1.939e+06, 4.316e+00, nan, 1.455e+05, 3.508e+03
2.1413e+10, 3.938e+07, 3.341e+07, 3.573e+07, 4.932e+04, 4.137e+06, 5.426e+04, 1.400e+06, 1.551e+05, 1.939e+06, 4.326e+00, nan, 1.456e+05, 3.530e+03
2.1444e+10, 3.938e+07, 3.341e+07, 3.573e+07, 4.721e+04, 4.140e+06, 5.428e+04, 1.400e+06, 1.539e+05, 1.939e+06, 4.335e+00, nan, 1.456e+05, 3.551e+03
2.1476e+10, 3.938e+07, 3.341e+07, 3.572e+07, 4.740e+04, 4.143e+06, 5.429e+04, 1.400e+06, 1.527e+05, 1.939e+06, 4.346e+00, nan, 1.457e+05, 3.573e+03
2.1508e+10, 3.938e+07, 3.341e+07, 3.572e+07, 4.756e+04, 4.146e+06, 5.431e+04, 1.400e+06, 1.514e+05, 1.939e+06, 4.357e+00, nan, 1.457e+05, 3.594e+03
2.1539e+10, 3.938e+07, 3.341e+07, 3.572e+07, 4.534e+04, 4.149e+06, 5.433e+04, 1.400e+06, 1.502e+05, 1.940e+06, 4.368e+00, nan, 1.458e+05, 3.616e+03
2.1571e+10, 3.938e+07, 3.340e+07, 3.572e+07, 4.542e+04, 4.152e+06, 5.435e+04, 1.400e+06, 1.489e+05, 1.940e+06, 4.379e+00, nan, 1.458e+05, 3.638e+03
2.1602e+10, 3.938e+07, 3.340e+07, 3.572e+07, 4.549e+04, 4.155e+06, 5.437e+04, 1.400e+06, 1.476e+05, 1.940e+06, 4.390e+00, nan, 1.459e+05, 3.659e+03
2.1634e+10, 3.937e+07, 3.340e+07, 3.572e+07, 4.555e+04, 4.158e+06, 5.438e+04, 1.400e+06, 1.463e+05, 1.940e+06, 4.401e+00, nan, 1.459e+05, 3.681e+03
2.1665e+10, 3.937e+07, 3.340e+07, 3.572e+07, 4.793e+04, 4.161e+06, 5.440e+04, 1.399e+06, 1.451e+05, 1.940e+06, 4.412e+00, nan, 1.460e+05, 3.702e+03
2.1697e+10, 3.937e+07, 3.340e+07, 3.572e+07, 4.796e+04, 4.164e+06, 5.442e+04, 1.399e+06, 1.438e+05, 1.941e+06, 4.423e+00, nan, 1.460e+05, 3.724e+03
2.1728e+10, 3.937e+07, 3.340e+07, 3.572e+07, 4.564e+04, 4.168e+06, 5.444e+04, 1.397e+06, 1.445e+05, 1.941e+06, 4.434e+00, nan, 1.461e+05, 3.746e+03
2.1760e+10, 3.937e+07, 3.340e+07, 3.572e+07, 4.565e+04, 4.171e+06, 5.446e+04, 1.397e+06, 1.432e+05, 1.941e+06, 4.445e+00, nan, 1.462e+05, 3.768e+03
2.1791e+10, 3.937e+07, 3.340e+07, 3.571e+07, 4.567e+04, 4.174e+06, 5.447e+04, 1.397e+06, 1.419e+05, 1.941e+06, 4.456e+00, nan, 1.462e+05, 3.789e+03
2.1823e+10, 3.937e+07, 3.340e+07, 3.571e+07, 4.568e+04, 4.177e+06, 5.449e+04, 1.395e+06, 1.419e+05, 1.942e+06, 4.468e+00, nan, 1.463e+05, 3.811e+03
2.1855e+10, 3.937e+07, 3.340e+07, 3.571e+07, 4.570e+04, 4.180e+06, 5.451e+04, 1.395e+06, 1.408e+05, 1.942e+06, 4.479e+00, nan, 1.463e+05, 3.833e+03
2.1886e+10, 3.937e+07, 3.340e+07, 3.571e+07, 4.570e+04, 4.183e+06, 5.453e+04, 1.395e+06, 1.398e+05, 1.942e+06, 4.490e+00, nan, 1.464e+05, 3.855e+03
2.1918e+10, 3.937e+07, 3.340e+07, 3.571e+07, 4.571e+04, 4.186e+06, 5.455e+04, 1.395e+06, 1.388e+05, 1.942e+06, 4.501e+00, nan, 1.464e+05, 3.877e+03
2.1949e+10, 3.937e+07, 3.340e+07, 3.571e+07, 4.571e+04, 4.189e+06, 5.456e+04, 1.392e+06, 1.397e+05, 1.942e+06, 4.512e+00, nan, 1.465e+05, 3.899e+03
2.1981e+10, 3.937e+07, 3.340e+07, 3.571e+07, 4.570e+04, 4.192e+06, 5.458e+04, 1.392e+06, 1.387e+05, 1.942e+06, 4.524e+00, nan, 1.465e+05, 3.921e+03
2.2012e+10, 3.937e+07, 3.340e+07, 3.571e+07, 4.570e+04, 4.195e+06, 5.460e+04, 1.392e+06, 1.376e+05, 1.942e+06, 4.535e+00, nan, 1.466e+05, 3.943e+03
2.2044e+10, 3.937e+07, 3.340e+07, 3.570e+07, 4.568e+04, 4.198e+06, 5.462e+04, 1.392e+06, 1.366e+05, 1.942e+06, 4.546e+00, nan, 1.466e+05, 3.965e+03
2.2075e+10, 3.937e+07, 3.340e+07, 3.570e+07, 4.567e+04, 4.201e+06, 5.464e+04, 1.390e+06, 1.374e+05, 1.942e+06, 4.557e+00, nan, 1.467e+05, 3.987e+03
2.2107e+10, 3.937e+07, 3.340e+07, 3.570e+07, 4.565e+04, 4.204e+06, 5.465e+04, 1.390e+06, 1.364e+05, 1.942e+06, 4.569e+00, nan, 1.467e+05, 4.009e+03
2.2138e+10, 3.937e+07, 3.340e+07, 3.570e+07, 4.563e+04, 4.207e+06, 5.467e+04, 1.387e+06, 1.373e+05, 1.942e+06, 4.580e+00, nan, 1.468e+05, 4.031e+03
2.2170e+10, 3.937e+07, 3.340e+07, 3.570e+07, 4.561e+04, 4.210e+06, 5.469e+04, 1.387e+06, 1.363e+05, 1.942e+06, 4.591e+00, nan, 1.468e+05, 4.053e+03
2.2201e+10, 3.937e+07, 3.340e+07, 3.570e+07, 4.792e+04, 4.213e+06, 5.471e+04, 1.385e+06, 1.371e+05, 1.943e+06, 4.602e+00, nan, 1.469e+05, 4.075e+03
2.2233e+10, 3.937e+07, 3.340e+07, 3.569e+07, 4.788e+04, 4.216e+06, 5.473e+04, 1.385e+06, 1.361e+05, 1.943e+06, 4.614e+00, nan, 1.470e+05, 4.097e+03
2.2264e+10, 3.937e+07, 3.340e+07, 3.570e+07, 4.550e+04, 4.219e+06, 5.474e+04, 1.387e+06, 1.330e+05, 1.943e+06, 4.625e+00, nan, 1.470e+05, 4.120e+03
2.2296e+10, 3.937e+07, 3.340e+07, 3.569e+07, 4.543e+04, 4.222e+06, 5.476e+04, 1.387e+06, 1.318e+05, 1.943e+06, 4.634e+00, nan, 1.471e+05, 4.142e+03
2.2328e+10, 3.937e+07, 3.340e+07, 3.569e+07, 4.537e+04, 4.225e+06, 5.478e+04, 1.385e+06, 1.325e+05, 1.943e+06, 4.645e+00, nan, 1.471e+05, 4.164e+03
2.2359e+10, 3.937e+07, 3.340e+07, 3.569e+07, 4.530e+04, 4.228e+06, 5.480e+04, 1.383e+06, 1.332e+05, 1.943e+06, 4.656e+00, nan, 1.472e+05, 4.186e+03
2.2391e+10, 3.937e+07, 3.340e+07, 3.569e+07, 4.524e+04, 4.231e+06, 5.482e+04, 1.383e+06, 1.320e+05, 1.944e+06, 4.667e+00, nan, 1.472e+05, 4.209e+03
2.2422e+10, 3.937e+07, 3.340e+07, 3.569e+07, 4.517e+04, 4.234e+06, 5.483e+04, 1.382e+06, 1.308e+05, 1.944e+06, 4.678e+00, nan, 1.473e+05, 4.231e+03
2.2454e+10, 3.937e+07, 3.340e+07, 3.569e+07, 4.510e+04, 4.237e+06, 5.485e+04, 1.382e+06, 1.296e+05, 1.944e+06, 4.690e+00, nan, 1.473e+05, 4.253e+03
2.2485e+10, 3.937e+07, 3.340e+07, 3.569e+07, 4.504e+04, 4.240e+06, 5.487e+04, 1.381e+06, 1.296e+05, 1.944e+06, 4.701e+00, nan, 1.474e+05, 4.275e+03
2.2517e+10, 3.937e+07, 3.340e+07, 3.569e+07, 4.497e+04, 4.243e+06, 5.489e+04, 1.379e+06, 1.303e+05, 1.945e+06, 4.712e+00, nan, 1.474e+05, 4.298e+03
2.2548e+10, 3.937e+07, 3.340e+07, 3.568e+07, 4.491e+04, 4.246e+06, 5.491e+04, 1.379e+06, 1.292e+05, 1.945e+06, 4.724e+00, nan, 1.475e+05, 4.320e+03
2.2580e+10, 3.937e+07, 3.340e+07, 3.568e+07, 4.485e+04, 4.249e+06, 5.493e+04, 1.379e+06, 1.280e+05, 1.945e+06, 4.735e+00, nan, 1.475e+05, 4.342e+03
2.2611e+10, 3.937e+07, 3.340e+07, 3.568e+07, 4.479e+04, 4.251e+06, 5.494e+04, 1.377e+06, 1.288e+05, 1.946e+06, 4.747e+00, nan, 1.476e+05, 4.365e+03
2.2643e+10, 3.937e+07, 3.339e+07, 3.568e+07, 4.474e+04, 4.254e+06, 5.496e+04, 1.376e+06, 1.276e+05, 1.946e+06, 4.758e+00, nan, 1.476e+05, 4.387e+03
2.2674e+10, 3.937e+07, 3.339e+07, 3.568e+07, 4.468e+04, 4.257e+06, 5.498e+04, 1.374e+06, 1.284e+05, 1.946e+06, 4.770e+00, nan, 1.477e+05, 4.410e+03
2.2706e+10, 3.936e+07, 3.339e+07, 3.568e+07, 4.463e+04, 4.260e+06, 5.500e+04, 1.372e+06, 1.292e+05, 1.946e+06, 4.781e+00, nan, 1.478e+05, 4.432e+03
2.2737e+10, 3.936e+07, 3.339e+07, 3.568e+07, 4.457e+04, 4.263e+06, 5.502e+04, 1.372e+06, 1.281e+05, 1.947e+06, 4.793e+00, nan, 1.478e+05, 4.454e+03
2.2769e+10, 3.936e+07, 3.339e+07, 3.568e+07, 4.452e+04, 4.266e+06, 5.503e+04, 1.372e+06, 1.271e+05, 1.947e+06, 4.804e+00, nan, 1.479e+05, 4.477e+03
2.2801e+10, 3.936e+07, 3.339e+07, 3.568e+07, 4.447e+04, 4.269e+06, 5.505e+04, 1.372e+06, 1.260e+05, 1.947e+06, 4.816e+00, nan, 1.479e+05, 4.500e+03
2.2832e+10, 3.936e+07, 3.339e+07, 3.567e+07, 4.441e+04, 4.272e+06, 5.507e+04, 1.368e+06, 1.288e+05, 1.947e+06, 4.827e+00, nan, 1.480e+05, 4.522e+03
2.2864e+10, 3.936e+07, 3.339e+07, 3.568e+07, 4.202e+04, 4.275e+06, 5.509e+04, 1.366e+06, 1.289e+05, 1.948e+06, 4.839e+00, nan, 1.480e+05, 4.545e+03
2.2895e+10, 3.936e+07, 3.339e+07, 3.567e+07, 4.195e+04, 4.278e+06, 5.511e+04, 1.366e+06, 1.278e+05, 1.948e+06, 4.851e+00, nan, 1.481e+05, 4.567e+03
2.2927e+10, 3.936e+07, 3.339e+07, 3.567e+07, 4.188e+04, 4.281e+06, 5.512e+04, 1.366e+06, 1.268e+05, 1.948e+06, 4.862e+00, nan, 1.481e+05, 4.590e+03
2.2958e+10, 3.936e+07, 3.339e+07, 3.567e+07, 4.182e+04, 4.284e+06, 5.514e+04, 1.366e+06, 1.257e+05, 1.948e+06, 4.874e+00, nan, 1.482e+05, 4.612e+03
2.2990e+10, 3.936e+07, 3.339e+07, 3.567e+07, 4.176e+04, 4.287e+06, 5.516e+04, 1.366e+06, 1.247e+05, 1.949e+06, 4.885e+00, nan, 1.482e+05, 4.635e+03
2.3021e+10, 3.936e+07, 3.339e+07, 3.567e+07, 4.170e+04, 4.290e+06, 5.518e+04, 1.363e+06, 1.256e+05, 1.949e+06, 4.897e+00, nan, 1.483e+05, 4.658e+03
2.3053e+10, 3.936e+07, 3.339e+07, 3.567e+07, 4.164e+04, 4.293e+06, 5.520e+04, 1.363e+06, 1.245e+05, 1.949e+06, 4.909e+00, nan, 1.483e+05, 4.680e+03
2.3084e+10, 3.936e+07, 3.339e+07, 3.567e+07, 4.158e+04, 4.296e+06, 5.521e+04, 1.363e+06, 1.235e+05, 1.949e+06, 4.920e+00, nan, 1.484e+05, 4.703e+03
2.3116e+10, 3.936e+07, 3.339e+07, 3.567e+07, 4.152e+04, 4.299e+06, 5.523e+04, 1.363e+06, 1.224e+05, 1.949e+06, 4.932e+00, nan, 1.484e+05, 4.726e+03
2.3147e+10, 3.936e+07, 3.339e+07, 3.566e+07, 4.146e+04, 4.301e+06, 5.525e+04, 1.363e+06, 1.214e+05, 1.950e+06, 4.944e+00, nan, 1.485e+05, 4.749e+03
2.3179e+10, 3.936e+07, 3.339e+07, 3.566e+07, 4.140e+04, 4.304e+06, 5.527e+04, 1.362e+06, 1.214e+05, 1.950e+06, 4.955e+00, nan, 1.485e+05, 4.771e+03
2.3211e+10, 3.936e+07, 3.339e+07, 3.566e+07, 4.135e+04, 4.307e+06, 5.529e+04, 1.363e+06, 1.184e+05, 1.950e+06, 4.966e+00, nan, 1.486e+05, 4.794e+03
2.3242e+10, 3.936e+07, 3.339e+07, 3.566e+07, 4.129e+04, 4.310e+06, 5.530e+04, 1.363e+06, 1.173e+05, 1.950e+06, 4.976e+00, nan, 1.487e+05, 4.817e+03
2.3274e+10, 3.936e+07, 3.339e+07, 3.566e+07, 4.124e+04, 4.313e+06, 5.532e+04, 1.361e+06, 1.180e+05, 1.951e+06, 4.987e+00, nan, 1.487e+05, 4.839e+03
2.3305e+10, 3.936e+07, 3.339e+07, 3.566e+07, 4.118e+04, 4.316e+06, 5.534e+04, 1.361e+06, 1.169e+05, 1.951e+06, 4.999e+00, nan, 1.488e+05, 4.862e+03
2.3337e+10, 3.936e+07, 3.339e+07, 3.565e+07, 4.346e+04, 4.319e+06, 5.536e+04, 1.361e+06, 1.158e+05, 1.951e+06, 5.011e+00, nan, 1.488e+05, 4.885e+03
2.3368e+10, 3.936e+07, 3.339e+07, 3.565e+07, 4.341e+04, 4.322e+06, 5.538e+04, 1.359e+06, 1.166e+05, 1.952e+06, 5.022e+00, nan, 1.489e+05, 4.907e+03
2.3400e+10, 3.936e+07, 3.339e+07, 3.565e+07, 4.335e+04, 4.325e+06, 5.539e+04, 1.358e+06, 1.164e+05, 1.952e+06, 5.034e+00, nan, 1.489e+05, 4.930e+03
2.3431e+10, 3.936e+07, 3.339e+07, 3.565e+07, 4.329e+04, 4.328e+06, 5.541e+04, 1.358e+06, 1.153e+05, 1.952e+06, 5.046e+00, nan, 1.490e+05, 4.953e+03
2.3463e+10, 3.936e+07, 3.339e+07, 3.565e+07, 4.323e+04, 4.331e+06, 5.543e+04, 1.358e+06, 1.142e+05, 1.953e+06, 5.058e+00, nan, 1.490e+05, 4.976e+03
2.3494e+10, 3.936e+07, 3.339e+07, 3.565e+07, 4.317e+04, 4.333e+06, 5.545e+04, 1.358e+06, 1.130e+05, 1.953e+06, 5.069e+00, nan, 1.491e+05, 4.998e+03
2.3526e+10, 3.936e+07, 3.339e+07, 3.565e+07, 4.311e+04, 4.336e+06, 5.547e+04, 1.357e+06, 1.120e+05, 1.953e+06, 5.081e+00, nan, 1.491e+05, 5.021e+03
2.3557e+10, 3.936e+07, 3.339e+07, 3.565e+07, 4.305e+04, 4.339e+06, 5.548e+04, 1.357e+06, 1.109e+05, 1.954e+06, 5.093e+00, nan, 1.492e+05, 5.044e+03
2.3589e+10, 3.936e+07, 3.339e+07, 3.564e+07, 4.299e+04, 4.342e+06, 5.550e+04, 1.357e+06, 1.099e+05, 1.954e+06, 5.105e+00, nan, 1.492e+05, 5.066e+03
2.3620e+10, 3.936e+07, 3.339e+07, 3.564e+07, 4.292e+04, 4.345e+06, 5.552e+04, 1.354e+06, 1.117e+05, 1.954e+06, 5.117e+00, nan, 1.493e+05, 5.089e+03
2.3652e+10, 3.936e+07, 3.339e+07, 3.564e+07, 4.051e+04, 4.348e+06, 5.554e+04, 1.351e+06, 1.132e+05, 1.955e+06, 5.129e+00, nan, 1.493e+05, 5.112e+03
2.3684e+10, 3.936e+07, 3.339e+07, 3.564e+07, 4.043e+04, 4.351e+06, 5.556e+04, 1.351e+06, 1.122e+05, 1.955e+06, 5.141e+00, nan, 1.494e+05, 5.135e+03
2.3715e+10, 3.936e+07, 3.339e+07, 3.564e+07, 4.034e+04, 4.354e+06, 5.557e+04, 1.351e+06, 1.112e+05, 1.955e+06, 5.153e+00, nan, 1.495e+05, 5.157e+03
2.3747e+10, 3.936e+07, 3.339e+07, 3.564e+07, 4.026e+04, 4.357e+06, 5.559e+04, 1.351e+06, 1.103e+05, 1.955e+06, 5.165e+00, nan, 1.495e+05, 5.180e+03
2.3778e+10, 3.936e+07, 3.338e+07, 3.564e+07, 4.017e+04, 4.359e+06, 5.561e+04, 1.346e+06, 1.141e+05, 1.956e+06, 5.177e+00, nan, 1.496e+05, 5.203e+03
2.3810e+10, 3.936e+07, 3.338e+07, 3.564e+07, 4.009e+04, 4.362e+06, 5.563e+04, 1.346e+06, 1.132e+05, 1.956e+06, 5.189e+00, nan, 1.496e+05, 5.226e+03
2.3841e+10, 3.935e+07, 3.338e+07, 3.564e+07, 4.000e+04, 4.365e+06, 5.565e+04, 1.344e+06, 1.143e+05, 1.956e+06, 5.201e+00, nan, 1.497e+05, 5.248e+03
2.3873e+10, 3.935e+07, 3.338e+07, 3.563e+07, 3.991e+04, 4.368e+06, 5.566e+04, 1.341e+06, 1.161e+05, 1.956e+06, 5.213e+00, nan, 1.497e+05, 5.271e+03
2.3904e+10, 3.935e+07, 3.338e+07, 3.563e+07, 3.981e+04, 4.371e+06, 5.568e+04, 1.338e+06, 1.178e+05, 1.956e+06, 5.225e+00, nan, 1.498e+05, 5.294e+03
2.3936e+10, 3.935e+07, 3.338e+07, 3.563e+07, 3.972e+04, 4.374e+06, 5.570e+04, 1.338e+06, 1.170e+05, 1.956e+06, 5.237e+00, nan, 1.498e+05, 5.317e+03
2.3967e+10, 3.935e+07, 3.338e+07, 3.563e+07, 3.962e+04, 4.377e+06, 5.572e+04, 1.338e+06, 1.161e+05, 1.957e+06, 5.249e+00, nan, 1.499e+05, 5.339e+03
2.3999e+10, 3.935e+07, 3.338e+07, 3.563e+07, 3.952e+04, 4.380e+06, 5.574e+04, 1.338e+06, 1.154e+05, 1.957e+06, 5.262e+00, nan, 1.499e+05, 5.362e+03
2.4030e+10, 3.935e+07, 3.338e+07, 3.563e+07, 3.941e+04, 4.382e+06, 5.575e+04, 1.338e+06, 1.145e+05, 1.957e+06, 5.274e+00, nan, 1.500e+05, 5.385e+03
2.4062e+10, 3.935e+07, 3.338e+07, 3.563e+07, 3.930e+04, 4.385e+06, 5.577e+04, 1.337e+06, 1.137e+05, 1.957e+06, 5.286e+00, nan, 1.500e+05, 5.408e+03
2.4094e+10, 3.935e+07, 3.338e+07, 3.563e+07, 3.919e+04, 4.388e+06, 5.579e+04, 1.335e+06, 1.148e+05, 1.957e+06, 5.298e+00, nan, 1.501e+05, 5.431e+03
2.4125e+10, 3.935e+07, 3.338e+07, 3.562e+07, 3.907e+04, 4.391e+06, 5.581e+04, 1.335e+06, 1.141e+05, 1.957e+06, 5.310e+00, nan, 1.501e+05, 5.453e+03
2.4157e+10, 3.935e+07, 3.338e+07, 3.562e+07, 4.129e+04, 4.394e+06, 5.583e+04, 1.331e+06, 1.172e+05, 1.957e+06, 5.322e+00, nan, 1.502e+05, 5.476e+03
2.4188e+10, 3.935e+07, 3.338e+07, 3.562e+07, 4.116e+04, 4.397e+06, 5.584e+04, 1.329e+06, 1.183e+05, 1.957e+06, 5.335e+00, nan, 1.502e+05, 5.499e+03
2.4220e+10, 3.935e+07, 3.338e+07, 3.562e+07, 4.104e+04, 4.400e+06, 5.586e+04, 1.327e+06, 1.194e+05, 1.958e+06, 5.346e+00, nan, 1.503e+05, 5.522e+03
2.4251e+10, 3.935e+07, 3.338e+07, 3.562e+07, 4.092e+04, 4.402e+06, 5.588e+04, 1.327e+06, 1.185e+05, 1.958e+06, 5.356e+00, nan, 1.503e+05, 5.545e+03
2.4283e+10, 3.935e+07, 3.338e+07, 3.561e+07, 4.079e+04, 4.405e+06, 5.590e+04, 1.325e+06, 1.195e+05, 1.958e+06, 5.368e+00, nan, 1.504e+05, 5.567e+03
2.4314e+10, 3.935e+07, 3.338e+07, 3.561e+07, 4.067e+04, 4.408e+06, 5.592e+04, 1.325e+06, 1.186e+05, 1.958e+06, 5.380e+00, nan, 1.505e+05, 5.590e+03
2.4346e+10, 3.935e+07, 3.338e+07, 3.561e+07, 4.054e+04, 4.411e+06, 5.593e+04, 1.325e+06, 1.177e+05, 1.958e+06, 5.392e+00, nan, 1.505e+05, 5.613e+03
2.4377e+10, 3.935e+07, 3.338e+07, 3.561e+07, 4.042e+04, 4.414e+06, 5.595e+04, 1.325e+06, 1.168e+05, 1.959e+06, 5.405e+00, nan, 1.506e+05, 5.636e+03
2.4409e+10, 3.935e+07, 3.338e+07, 3.561e+07, 4.030e+04, 4.417e+06, 5.597e+04, 1.325e+06, 1.159e+05, 1.959e+06, 5.417e+00, nan, 1.506e+05, 5.659e+03
2.4440e+10, 3.935e+07, 3.338e+07, 3.561e+07, 4.018e+04, 4.420e+06, 5.599e+04, 1.323e+06, 1.170e+05, 1.959e+06, 5.429e+00, nan, 1.507e+05, 5.681e+03
2.4472e+10, 3.935e+07, 3.338e+07, 3.561e+07, 4.005e+04, 4.422e+06, 5.601e+04, 1.321e+06, 1.179e+05, 1.959e+06, 5.441e+00, nan, 1.507e+05, 5.704e+03
2.4504e+10, 3.935e+07, 3.338e+07, 3.560e+07, 4.459e+04, 4.425e+06, 5.602e+04, 1.319e+06, 1.189e+05, 1.960e+06, 5.454e+00, nan, 1.508e+05, 5.727e+03
2.4535e+10, 3.935e+07, 3.338e+07, 3.560e+07, 4.446e+04, 4.428e+06, 5.604e+04, 1.317e+06, 1.199e+05, 1.960e+06, 5.466e+00, nan, 1.508e+05, 5.750e+03
2.4567e+10, 3.935e+07, 3.338e+07, 3.560e+07, 4.666e+04, 4.431e+06, 5.606e+04, 1.317e+06, 1.190e+05, 1.960e+06, 5.479e+00, nan, 1.509e+05, 5.773e+03
2.4598e+10, 3.935e+07, 3.338e+07, 3.559e+07, 4.652e+04, 4.434e+06, 5.608e+04, 1.316e+06, 1.191e+05, 1.960e+06, 5.491e+00, nan, 1.509e+05, 5.796e+03
2.4630e+10, 3.935e+07, 3.338e+07, 3.559e+07, 4.639e+04, 4.437e+06, 5.610e+04, 1.315e+06, 1.182e+05, 1.961e+06, 5.504e+00, nan, 1.510e+05, 5.818e+03
2.4661e+10, 3.935e+07, 3.338e+07, 3.559e+07, 4.626e+04, 4.440e+06, 5.611e+04, 1.313e+06, 1.191e+05, 1.961e+06, 5.516e+00, nan, 1.510e+05, 5.841e+03
2.4693e+10, 3.935e+07, 3.338e+07, 3.559e+07, 4.847e+04, 4.443e+06, 5.613e+04, 1.311e+06, 1.201e+05, 1.961e+06, 5.529e+00, nan, 1.511e+05, 5.864e+03
2.4724e+10, 3.935e+07, 3.338e+07, 3.559e+07, 4.834e+04, 4.445e+06, 5.615e+04, 1.311e+06, 1.193e+05, 1.962e+06, 5.541e+00, nan, 1.511e+05, 5.887e+03
2.4756e+10, 3.935e+07, 3.338e+07, 3.558e+07, 4.822e+04, 4.448e+06, 5.617e+04, 1.311e+06, 1.184e+05, 1.962e+06, 5.554e+00, nan, 1.512e+05, 5.910e+03
2.4787e+10, 3.935e+07, 3.338e+07, 3.558e+07, 4.809e+04, 4.451e+06, 5.619e+04, 1.309e+06, 1.194e+05, 1.962e+06, 5.567e+00, nan, 1.512e+05, 5.933e+03
2.4819e+10, 3.935e+07, 3.338e+07, 3.558e+07, 4.798e+04, 4.454e+06, 5.620e+04, 1.309e+06, 1.186e+05, 1.962e+06, 5.579e+00, nan, 1.513e+05, 5.955e+03
2.4850e+10, 3.935e+07, 3.338e+07, 3.558e+07, 4.786e+04, 4.457e+06, 5.622e+04, 1.309e+06, 1.178e+05, 1.962e+06, 5.592e+00, nan, 1.513e+05, 5.978e+03
2.4882e+10, 3.935e+07, 3.338e+07, 3.558e+07, 4.775e+04, 4.460e+06, 5.624e+04, 1.307e+06, 1.187e+05, 1.963e+06, 5.605e+00, nan, 1.514e+05, 6.001e+03
2.4913e+10, 3.935e+07, 3.338e+07, 3.558e+07, 4.764e+04, 4.463e+06, 5.626e+04, 1.307e+06, 1.179e+05, 1.963e+06, 5.618e+00, nan, 1.515e+05, 6.024e+03
2.4945e+10, 3.935e+07, 3.338e+07, 3.558e+07, 4.754e+04, 4.466e+06, 5.628e+04, 1.307e+06, 1.172e+05, 1.963e+06, 5.630e+00, nan, 1.515e+05, 6.047e+03
2.4977e+10, 3.935e+07, 3.338e+07, 3.557e+07, 4.745e+04, 4.468e+06, 5.629e+04, 1.303e+06, 1.199e+05, 1.963e+06, 5.643e+00, nan, 1.516e+05, 6.070e+03
2.5008e+10, 3.935e+07, 3.337e+07, 3.557e+07, 4.968e+04, 4.471e+06, 5.631e+04, 1.301e+06, 1.207e+05, 1.963e+06, 5.656e+00, nan, 1.516e+05, 6.093e+03
2.5040e+10, 3.934e+07, 3.337e+07, 3.557e+07, 4.959e+04, 4.474e+06, 5.633e+04, 1.298e+06, 1.229e+05, 1.964e+06, 5.669e+00, nan, 1.517e+05, 6.115e+03
2.5071e+10, 3.934e+07, 3.337e+07, 3.557e+07, 4.950e+04, 4.477e+06, 5.635e+04, 1.297e+06, 1.237e+05, 1.964e+06, 5.682e+00, nan, 1.517e+05, 6.138e+03
2.5103e+10, 3.934e+07, 3.337e+07, 3.557e+07, 4.942e+04, 4.480e+06, 5.637e+04, 1.297e+06, 1.231e+05, 1.964e+06, 5.695e+00, nan, 1.518e+05, 6.161e+03
2.5134e+10, 3.934e+07, 3.337e+07, 3.556e+07, 4.934e+04, 4.483e+06, 5.638e+04, 1.297e+06, 1.224e+05, 1.964e+06, 5.707e+00, nan, 1.518e+05, 6.184e+03
2.5166e+10, 3.934e+07, 3.337e+07, 3.556e+07, 4.926e+04, 4.485e+06, 5.640e+04, 1.296e+06, 1.217e+05, 1.964e+06, 5.720e+00, nan, 1.519e+05, 6.207e+03
2.5197e+10, 3.934e+07, 3.337e+07, 3.556e+07, 4.919e+04, 4.488e+06, 5.642e+04, 1.296e+06, 1.210e+05, 1.964e+06, 5.733e+00, nan, 1.519e+05, 6.230e+03
2.5229e+10, 3.934e+07, 3.337e+07, 3.556e+07, 4.679e+04, 4.491e+06, 5.644e+04, 1.296e+06, 1.202e+05, 1.965e+06, 5.746e+00, nan, 1.520e+05, 6.253e+03
2.5260e+10, 3.934e+07, 3.337e+07, 3.556e+07, 4.672e+04, 4.494e+06, 5.646e+04, 1.296e+06, 1.195e+05, 1.965e+06, 5.759e+00, nan, 1.520e+05, 6.275e+03
2.5292e+10, 3.934e+07, 3.337e+07, 3.556e+07, 4.665e+04, 4.497e+06, 5.648e+04, 1.296e+06, 1.188e+05, 1.965e+06, 5.772e+00, nan, 1.521e+05, 6.298e+03
2.5323e+10, 3.934e+07, 3.337e+07, 3.556e+07, 4.659e+04, 4.500e+06, 5.649e+04, 1.297e+06, 1.172e+05, 1.965e+06, 5.785e+00, nan, 1.521e+05, 6.321e+03
2.5355e+10, 3.934e+07, 3.337e+07, 3.555e+07, 4.885e+04, 4.502e+06, 5.651e+04, 1.293e+06, 1.202e+05, 1.965e+06, 5.797e+00, nan, 1.522e+05, 6.344e+03
2.5386e+10, 3.934e+07, 3.337e+07, 3.555e+07, 4.879e+04, 4.505e+06, 5.653e+04, 1.293e+06, 1.194e+05, 1.966e+06, 5.808e+00, nan, 1.522e+05, 6.367e+03
2.5418e+10, 3.934e+07, 3.337e+07, 3.555e+07, 4.872e+04, 4.508e+06, 5.655e+04, 1.291e+06, 1.205e+05, 1.966e+06, 5.821e+00, nan, 1.523e+05, 6.390e+03
2.5450e+10, 3.934e+07, 3.337e+07, 3.555e+07, 4.865e+04, 4.511e+06, 5.657e+04, 1.291e+06, 1.197e+05, 1.966e+06, 5.834e+00, nan, 1.523e+05, 6.413e+03
2.5481e+10, 3.934e+07, 3.337e+07, 3.555e+07, 4.858e+04, 4.514e+06, 5.658e+04, 1.291e+06, 1.188e+05, 1.966e+06, 5.847e+00, nan, 1.524e+05, 6.436e+03
2.5513e+10, 3.934e+07, 3.337e+07, 3.555e+07, 4.852e+04, 4.516e+06, 5.660e+04, 1.289e+06, 1.191e+05, 1.967e+06, 5.860e+00, nan, 1.524e+05, 6.459e+03
2.5544e+10, 3.934e+07, 3.337e+07, 3.555e+07, 4.845e+04, 4.519e+06, 5.662e+04, 1.289e+06, 1.182e+05, 1.967e+06, 5.873e+00, nan, 1.525e+05, 6.481e+03
2.5576e+10, 3.934e+07, 3.337e+07, 3.554e+07, 4.838e+04, 4.522e+06, 5.664e+04, 1.289e+06, 1.174e+05, 1.967e+06, 5.887e+00, nan, 1.526e+05, 6.504e+03
2.5607e+10, 3.934e+07, 3.337e+07, 3.554e+07, 4.832e+04, 4.525e+06, 5.666e+04, 1.289e+06, 1.165e+05, 1.968e+06, 5.900e+00, nan, 1.526e+05, 6.527e+03
2.5639e+10, 3.934e+07, 3.337e+07, 3.554e+07, 4.826e+04, 4.527e+06, 5.667e+04, 1.289e+06, 1.157e+05, 1.968e+06, 5.913e+00, nan, 1.527e+05, 6.550e+03
2.5670e+10, 3.934e+07, 3.337e+07, 3.554e+07, 4.820e+04, 4.530e+06, 5.669e+04, 1.288e+06, 1.160e+05, 1.968e+06, 5.927e+00, nan, 1.527e+05, 6.573e+03
2.5702e+10, 3.934e+07, 3.337e+07, 3.554e+07, 4.813e+04, 4.533e+06, 5.671e+04, 1.286e+06, 1.170e+05, 1.969e+06, 5.940e+00, nan, 1.528e+05, 6.596e+03
2.5733e+10, 3.934e+07, 3.337e+07, 3.554e+07, 4.806e+04, 4.535e+06, 5.673e+04, 1.285e+06, 1.161e+05, 1.969e+06, 5.953e+00, nan, 1.528e+05, 6.619e+03
2.5765e+10, 3.934e+07, 3.337e+07, 3.554e+07, 4.800e+04, 4.538e+06, 5.675e+04, 1.284e+06, 1.165e+05, 1.970e+06, 5.967e+00, nan, 1.529e+05, 6.642e+03
2.5797e+10, 3.934e+07, 3.337e+07, 3.553e+07, 5.025e+04, 4.541e+06, 5.676e+04, 1.284e+06, 1.156e+05, 1.970e+06, 5.980e+00, nan, 1.529e+05, 6.665e+03
2.5828e+10, 3.934e+07, 3.337e+07, 3.553e+07, 5.017e+04, 4.544e+06, 5.678e+04, 1.282e+06, 1.167e+05, 1.970e+06, 5.994e+00, nan, 1.530e+05, 6.687e+03
2.5860e+10, 3.934e+07, 3.337e+07, 3.553e+07, 5.008e+04, 4.546e+06, 5.680e+04, 1.282e+06, 1.158e+05, 1.971e+06, 6.008e+00, nan, 1.530e+05, 6.710e+03
2.5891e+10, 3.934e+07, 3.337e+07, 3.553e+07, 4.998e+04, 4.549e+06, 5.682e+04, 1.279e+06, 1.176e+05, 1.971e+06, 6.021e+00, nan, 1.531e+05, 6.733e+03
2.5923e+10, 3.934e+07, 3.337e+07, 3.553e+07, 4.754e+04, 4.551e+06, 5.684e+04, 1.279e+06, 1.169e+05, 1.972e+06, 6.035e+00, nan, 1.531e+05, 6.756e+03
2.5954e+10, 3.934e+07, 3.337e+07, 3.553e+07, 4.718e+04, 4.554e+06, 5.685e+04, 1.279e+06, 1.162e+05, 1.972e+06, 6.049e+00, nan, 1.532e+05, 6.779e+03
2.5986e+10, 3.934e+07, 3.337e+07, 3.552e+07, 4.940e+04, 4.557e+06, 5.687e+04, 1.278e+06, 1.155e+05, 1.972e+06, 6.062e+00, nan, 1.532e+05, 6.802e+03
2.6017e+10, 3.934e+07, 3.337e+07, 3.552e+07, 4.931e+04, 4.559e+06, 5.689e+04, 1.273e+06, 1.200e+05, 1.972e+06, 6.076e+00, nan, 1.533e+05, 6.825e+03
2.6049e+10, 3.934e+07, 3.337e+07, 3.552e+07, 4.924e+04, 4.562e+06, 5.691e+04, 1.273e+06, 1.193e+05, 1.972e+06, 6.090e+00, nan, 1.533e+05, 6.848e+03
2.6080e+10, 3.934e+07, 3.337e+07, 3.552e+07, 4.916e+04, 4.564e+06, 5.693e+04, 1.273e+06, 1.187e+05, 1.973e+06, 6.104e+00, nan, 1.534e+05, 6.871e+03
2.6112e+10, 3.934e+07, 3.337e+07, 3.552e+07, 4.910e+04, 4.567e+06, 5.694e+04, 1.271e+06, 1.201e+05, 1.973e+06, 6.118e+00, nan, 1.534e+05, 6.894e+03
2.6143e+10, 3.934e+07, 3.337e+07, 3.552e+07, 4.905e+04, 4.569e+06, 5.696e+04, 1.270e+06, 1.193e+05, 1.973e+06, 6.132e+00, nan, 1.535e+05, 6.917e+03
2.6175e+10, 3.934e+07, 3.337e+07, 3.552e+07, 4.900e+04, 4.572e+06, 5.698e+04, 1.272e+06, 1.167e+05, 1.974e+06, 6.146e+00, nan, 1.535e+05, 6.940e+03
2.6206e+10, 3.934e+07, 3.337e+07, 3.551e+07, 4.895e+04, 4.574e+06, 5.700e+04, 1.272e+06, 1.160e+05, 1.974e+06, 6.160e+00, nan, 1.536e+05, 6.963e+03
2.6238e+10, 3.934e+07, 3.337e+07, 3.551e+07, 5.124e+04, 4.577e+06, 5.702e+04, 1.272e+06, 1.152e+05, 1.974e+06, 6.174e+00, nan, 1.537e+05, 6.986e+03
2.6270e+10, 3.934e+07, 3.336e+07, 3.551e+07, 5.119e+04, 4.580e+06, 5.703e+04, 1.268e+06, 1.181e+05, 1.975e+06, 6.188e+00, nan, 1.537e+05, 7.009e+03
2.6301e+10, 3.933e+07, 3.336e+07, 3.551e+07, 5.115e+04, 4.582e+06, 5.705e+04, 1.268e+06, 1.173e+05, 1.975e+06, 6.202e+00, nan, 1.538e+05, 7.032e+03
2.6333e+10, 3.933e+07, 3.336e+07, 3.551e+07, 5.111e+04, 4.585e+06, 5.707e+04, 1.266e+06, 1.185e+05, 1.975e+06, 6.216e+00, nan, 1.538e+05, 7.054e+03
2.6364e+10, 3.933e+07, 3.336e+07, 3.550e+07, 5.339e+04, 4.587e+06, 5.709e+04, 1.268e+06, 1.158e+05, 1.976e+06, 6.230e+00, nan, 1.539e+05, 7.077e+03
2.6396e+10, 3.933e+07, 3.336e+07, 3.550e+07, 5.100e+04, 4.590e+06, 5.711e+04, 1.267e+06, 1.150e+05, 1.976e+06, 6.244e+00, nan, 1.539e+05, 7.100e+03
2.6427e+10, 3.933e+07, 3.336e+07, 3.550e+07, 5.093e+04, 4.592e+06, 5.712e+04, 1.263e+06, 1.182e+05, 1.976e+06, 6.259e+00, nan, 1.540e+05, 7.123e+03
2.6459e+10, 3.933e+07, 3.336e+07, 3.550e+07, 5.090e+04, 4.595e+06, 5.714e+04, 1.265e+06, 1.156e+05, 1.977e+06, 6.273e+00, nan, 1.540e+05, 7.146e+03
2.6490e+10, 3.933e+07, 3.336e+07, 3.550e+07, 5.087e+04, 4.597e+06, 5.716e+04, 1.263e+06, 1.167e+05, 1.977e+06, 6.287e+00, nan, 1.541e+05, 7.169e+03
2.6522e+10, 3.933e+07, 3.336e+07, 3.550e+07, 5.083e+04, 4.600e+06, 5.718e+04, 1.263e+06, 1.160e+05, 1.977e+06, 6.302e+00, nan, 1.541e+05, 7.192e+03
2.6553e+10, 3.933e+07, 3.336e+07, 3.550e+07, 5.079e+04, 4.602e+06, 5.720e+04, 1.263e+06, 1.152e+05, 1.978e+06, 6.315e+00, nan, 1.542e+05, 7.215e+03
2.6585e+10, 3.933e+07, 3.336e+07, 3.549e+07, 5.074e+04, 4.605e+06, 5.721e+04, 1.263e+06, 1.144e+05, 1.978e+06, 6.326e+00, nan, 1.542e+05, 7.238e+03
2.6616e+10, 3.933e+07, 3.336e+07, 3.549e+07, 5.067e+04, 4.607e+06, 5.723e+04, 1.261e+06, 1.155e+05, 1.978e+06, 6.341e+00, nan, 1.543e+05, 7.261e+03
2.6648e+10, 3.933e+07, 3.336e+07, 3.549e+07, 5.061e+04, 4.610e+06, 5.725e+04, 1.263e+06, 1.128e+05, 1.979e+06, 6.355e+00, nan, 1.543e+05, 7.284e+03
2.6679e+10, 3.933e+07, 3.336e+07, 3.549e+07, 5.055e+04, 4.612e+06, 5.727e+04, 1.263e+06, 1.119e+05, 1.979e+06, 6.370e+00, nan, 1.544e+05, 7.307e+03
2.6711e+10, 3.933e+07, 3.336e+07, 3.549e+07, 5.049e+04, 4.615e+06, 5.729e+04, 1.263e+06, 1.111e+05, 1.980e+06, 6.384e+00, nan, 1.544e+05, 7.330e+03
2.6743e+10, 3.933e+07, 3.336e+07, 3.549e+07, 5.041e+04, 4.617e+06, 5.730e+04, 1.263e+06, 1.103e+05, 1.980e+06, 6.399e+00, nan, 1.545e+05, 7.353e+03
2.6774e+10, 3.933e+07, 3.336e+07, 3.549e+07, 5.034e+04, 4.620e+06, 5.732e+04, 1.262e+06, 1.095e+05, 1.980e+06, 6.413e+00, nan, 1.545e+05, 7.376e+03
2.6806e+10, 3.933e+07, 3.336e+07, 3.548e+07, 5.028e+04, 4.623e+06, 5.734e+04, 1.260e+06, 1.106e+05, 1.981e+06, 6.428e+00, nan, 1.546e+05, 7.399e+03
2.6837e+10, 3.933e+07, 3.336e+07, 3.548e+07, 5.024e+04, 4.625e+06, 5.736e+04, 1.260e+06, 1.098e+05, 1.981e+06, 6.442e+00, nan, 1.546e+05, 7.422e+03
2.6869e+10, 3.933e+07, 3.336e+07, 3.548e+07, 5.021e+04, 4.628e+06, 5.737e+04, 1.260e+06, 1.089e+05, 1.982e+06, 6.457e+00, nan, 1.547e+05, 7.445e+03
2.6900e+10, 3.933e+07, 3.336e+07, 3.548e+07, 4.784e+04, 4.631e+06, 5.739e+04, 1.260e+06, 1.080e+05, 1.982e+06, 6.472e+00, nan, 1.547e+05, 7.468e+03
2.6932e+10, 3.933e+07, 3.336e+07, 3.548e+07, 4.778e+04, 4.633e+06, 5.741e+04, 1.260e+06, 1.072e+05, 1.983e+06, 6.487e+00, nan, 1.548e+05, 7.491e+03
2.6963e+10, 3.933e+07, 3.336e+07, 3.548e+07, 4.773e+04, 4.636e+06, 5.743e+04, 1.256e+06, 1.101e+05, 1.983e+06, 6.502e+00, nan, 1.549e+05, 7.514e+03
2.6995e+10, 3.933e+07, 3.336e+07, 3.548e+07, 5.003e+04, 4.639e+06, 5.745e+04, 1.256e+06, 1.093e+05, 1.984e+06, 6.517e+00, nan, 1.549e+05, 7.537e+03
2.7026e+10, 3.933e+07, 3.336e+07, 3.547e+07, 5.232e+04, 4.642e+06, 5.746e+04, 1.256e+06, 1.084e+05, 1.984e+06, 6.532e+00, nan, 1.550e+05, 7.560e+03
2.7058e+10, 3.933e+07, 3.336e+07, 3.547e+07, 5.230e+04, 4.644e+06, 5.748e+04, 1.257e+06, 1.056e+05, 1.985e+06, 6.547e+00, nan, 1.550e+05, 7.583e+03
2.7089e+10, 3.933e+07, 3.336e+07, 3.547e+07, 5.232e+04, 4.647e+06, 5.750e+04, 1.255e+06, 1.066e+05, 1.985e+06, 6.562e+00, nan, 1.551e+05, 7.606e+03
2.7121e+10, 3.933e+07, 3.336e+07, 3.547e+07, 5.238e+04, 4.650e+06, 5.752e+04, 1.255e+06, 1.057e+05, 1.986e+06, 6.577e+00, nan, 1.551e+05, 7.629e+03
2.7153e+10, 3.933e+07, 3.336e+07, 3.546e+07, 5.479e+04, 4.653e+06, 5.753e+04, 1.255e+06, 1.048e+05, 1.987e+06, 6.592e+00, nan, 1.552e+05, 7.652e+03
2.7184e+10, 3.933e+07, 3.336e+07, 3.546e+07, 5.487e+04, 4.656e+06, 5.755e+04, 1.253e+06, 1.059e+05, 1.987e+06, 6.608e+00, nan, 1.552e+05, 7.675e+03
2.7216e+10, 3.933e+07, 3.336e+07, 3.546e+07, 5.730e+04, 4.659e+06, 5.757e+04, 1.253e+06, 1.051e+05, 1.988e+06, 6.623e+00, nan, 1.553e+05, 7.698e+03
2.7247e+10, 3.933e+07, 3.336e+07, 3.545e+07, 5.739e+04, 4.662e+06, 5.759e+04, 1.253e+06, 1.044e+05, 1.988e+06, 6.639e+00, nan, 1.553e+05, 7.721e+03
2.7279e+10, 3.933e+07, 3.336e+07, 3.545e+07, 5.748e+04, 4.664e+06, 5.761e+04, 1.253e+06, 1.036e+05, 1.988e+06, 6.654e+00, nan, 1.554e+05, 7.744e+03
2.7310e+10, 3.933e+07, 3.336e+07, 3.545e+07, 5.758e+04, 4.667e+06, 5.762e+04, 1.252e+06, 1.028e+05, 1.989e+06, 6.669e+00, nan, 1.554e+05, 7.767e+03
2.7342e+10, 3.933e+07, 3.336e+07, 3.545e+07, 6.001e+04, 4.670e+06, 5.764e+04, 1.249e+06, 1.059e+05, 1.989e+06, 6.685e+00, nan, 1.555e+05, 7.790e+03
2.7373e+10, 3.933e+07, 3.336e+07, 3.545e+07, 6.010e+04, 4.673e+06, 5.766e+04, 1.246e+06, 1.070e+05, 1.990e+06, 6.700e+00, nan, 1.555e+05, 7.813e+03
2.7405e+10, 3.933e+07, 3.336e+07, 3.544e+07, 6.019e+04, 4.676e+06, 5.768e+04, 1.246e+06, 1.062e+05, 1.990e+06, 6.716e+00, nan, 1.556e+05, 7.836e+03
2.7436e+10, 3.933e+07, 3.336e+07, 3.544e+07, 6.028e+04, 4.679e+06, 5.770e+04, 1.246e+06, 1.054e+05, 1.991e+06, 6.732e+00, nan, 1.556e+05, 7.859e+03
2.7468e+10, 3.933e+07, 3.336e+07, 3.544e+07, 6.037e+04, 4.682e+06, 5.771e+04, 1.246e+06, 1.046e+05, 1.991e+06, 6.747e+00, nan, 1.557e+05, 7.882e+03
2.7499e+10, 3.933e+07, 3.336e+07, 3.544e+07, 6.273e+04, 4.685e+06, 5.773e+04, 1.246e+06, 1.038e+05, 1.992e+06, 6.763e+00, nan, 1.557e+05, 7.904e+03
2.7531e+10, 3.933e+07, 3.336e+07, 3.543e+07, 6.277e+04, 4.689e+06, 5.775e+04, 1.246e+06, 1.030e+05, 1.992e+06, 6.779e+00, nan, 1.558e+05, 7.927e+03
2.7562e+10, 3.933e+07, 3.336e+07, 3.543e+07, 6.281e+04, 4.692e+06, 5.777e+04, 1.244e+06, 1.041e+05, 1.993e+06, 6.795e+00, nan, 1.558e+05, 7.950e+03
2.7594e+10, 3.932e+07, 3.335e+07, 3.543e+07, 6.519e+04, 4.695e+06, 5.778e+04, 1.242e+06, 1.052e+05, 1.993e+06, 6.811e+00, nan, 1.559e+05, 7.973e+03
2.7626e+10, 3.932e+07, 3.335e+07, 3.542e+07, 6.530e+04, 4.699e+06, 5.780e+04, 1.242e+06, 1.044e+05, 1.994e+06, 6.826e+00, nan, 1.559e+05, 7.996e+03
2.7657e+10, 3.932e+07, 3.335e+07, 3.542e+07, 6.570e+04, 4.702e+06, 5.782e+04, 1.240e+06, 1.055e+05, 1.994e+06, 6.842e+00, nan, 1.560e+05, 8.019e+03
2.7689e+10, 3.932e+07, 3.335e+07, 3.542e+07, 6.606e+04, 4.705e+06, 5.784e+04, 1.239e+06, 1.047e+05, 1.995e+06, 6.858e+00, nan, 1.560e+05, 8.042e+03
2.7720e+10, 3.932e+07, 3.335e+07, 3.542e+07, 6.875e+04, 4.709e+06, 5.786e+04, 1.237e+06, 1.059e+05, 1.995e+06, 6.874e+00, nan, 1.561e+05, 8.065e+03
2.7752e+10, 3.932e+07, 3.335e+07, 3.541e+07, 6.908e+04, 4.712e+06, 5.787e+04, 1.237e+06, 1.051e+05, 1.996e+06, 6.890e+00, nan, 1.561e+05, 8.088e+03
2.7783e+10, 3.932e+07, 3.335e+07, 3.542e+07, 6.465e+04, 4.715e+06, 5.789e+04, 1.233e+06, 1.082e+05, 1.996e+06, 6.906e+00, nan, 1.562e+05, 8.111e+03
2.7815e+10, 3.932e+07, 3.335e+07, 3.542e+07, 6.230e+04, 4.718e+06, 5.791e+04, 1.229e+06, 1.113e+05, 1.996e+06, 6.923e+00, nan, 1.563e+05, 8.134e+03
2.7846e+10, 3.932e+07, 3.335e+07, 3.541e+07, 6.226e+04, 4.722e+06, 5.793e+04, 1.231e+06, 1.087e+05, 1.997e+06, 6.939e+00, nan, 1.563e+05, 8.157e+03
2.7878e+10, 3.932e+07, 3.335e+07, 3.541e+07, 6.221e+04, 4.725e+06, 5.795e+04, 1.229e+06, 1.099e+05, 1.997e+06, 6.954e+00, nan, 1.564e+05, 8.180e+03
2.7909e+10, 3.932e+07, 3.335e+07, 3.541e+07, 6.220e+04, 4.728e+06, 5.796e+04, 1.223e+06, 1.149e+05, 1.998e+06, 6.967e+00, nan, 1.564e+05, 8.203e+03
2.7941e+10, 3.932e+07, 3.335e+07, 3.541e+07, 6.222e+04, 4.732e+06, 5.798e+04, 1.223e+06, 1.141e+05, 1.998e+06, 6.983e+00, nan, 1.565e+05, 8.226e+03
2.7972e+10, 3.932e+07, 3.335e+07, 3.541e+07, 6.000e+04, 4.736e+06, 5.800e+04, 1.221e+06, 1.152e+05, 1.998e+06, 6.999e+00, nan, 1.565e+05, 8.249e+03
2.8004e+10, 3.932e+07, 3.335e+07, 3.540e+07, 6.250e+04, 4.739e+06, 5.802e+04, 1.221e+06, 1.145e+05, 1.999e+06, 7.015e+00, nan, 1.566e+05, 8.272e+03
2.8036e+10, 3.932e+07, 3.335e+07, 3.540e+07, 6.254e+04, 4.742e+06, 5.803e+04, 1.221e+06, 1.137e+05, 1.999e+06, 7.032e+00, nan, 1.566e+05, 8.295e+03
2.8067e+10, 3.932e+07, 3.335e+07, 3.540e+07, 6.252e+04, 4.745e+06, 5.805e+04, 1.221e+06, 1.130e+05, 2.000e+06, 7.048e+00, nan, 1.567e+05, 8.318e+03
2.8099e+10, 3.932e+07, 3.335e+07, 3.540e+07, 6.480e+04, 4.748e+06, 5.807e+04, 1.219e+06, 1.141e+05, 2.000e+06, 7.064e+00, nan, 1.567e+05, 8.341e+03
2.8130e+10, 3.932e+07, 3.335e+07, 3.540e+07, 6.471e+04, 4.752e+06, 5.809e+04, 1.217e+06, 1.153e+05, 2.001e+06, 7.081e+00, nan, 1.568e+05, 8.364e+03
2.8162e+10, 3.932e+07, 3.335e+07, 3.539e+07, 6.461e+04, 4.755e+06, 5.811e+04, 1.217e+06, 1.145e+05, 2.001e+06, 7.097e+00, nan, 1.568e+05, 8.387e+03
2.8193e+10, 3.932e+07, 3.335e+07, 3.539e+07, 6.684e+04, 4.758e+06, 5.812e+04, 1.217e+06, 1.138e+05, 2.002e+06, 7.114e+00, nan, 1.569e+05, 8.410e+03
2.8225e+10, 3.932e+07, 3.335e+07, 3.539e+07, 6.678e+04, 4.762e+06, 5.814e+04, 1.217e+06, 1.130e+05, 2.002e+06, 7.130e+00, nan, 1.569e+05, 8.433e+03
2.8256e+10, 3.932e+07, 3.335e+07, 3.539e+07, 6.674e+04, 4.766e+06, 5.816e+04, 1.217e+06, 1.123e+05, 2.003e+06, 7.147e+00, nan, 1.570e+05, 8.456e+03
2.8288e+10, 3.932e+07, 3.335e+07, 3.538e+07, 6.922e+04, 4.769e+06, 5.818e+04, 1.215e+06, 1.134e+05, 2.003e+06, 7.164e+00, nan, 1.570e+05, 8.479e+03
2.8319e+10, 3.932e+07, 3.335e+07, 3.538e+07, 6.922e+04, 4.772e+06, 5.820e+04, 1.215e+06, 1.126e+05, 2.004e+06, 7.180e+00, nan, 1.571e+05, 8.502e+03
2.8351e+10, 3.932e+07, 3.335e+07, 3.538e+07, 6.914e+04, 4.775e+06, 5.821e+04, 1.214e+06, 1.119e+05, 2.004e+06, 7.197e+00, nan, 1.571e+05, 8.525e+03
2.8382e+10, 3.932e+07, 3.335e+07, 3.537e+07, 7.134e+04, 4.778e+06, 5.823e+04, 1.214e+06, 1.111e+05, 2.005e+06, 7.214e+00, nan, 1.572e+05, 8.548e+03
2.8414e+10, 3.932e+07, 3.335e+07, 3.537e+07, 7.117e+04, 4.781e+06, 5.825e+04, 1.214e+06, 1.104e+05, 2.005e+06, 7.231e+00, nan, 1.572e+05, 8.571e+03
2.8446e+10, 3.932e+07, 3.335e+07, 3.537e+07, 7.099e+04, 4.785e+06, 5.827e+04, 1.212e+06, 1.115e+05, 2.006e+06, 7.248e+00, nan, 1.573e+05, 8.594e+03
2.8477e+10, 3.932e+07, 3.335e+07, 3.537e+07, 7.313e+04, 4.788e+06, 5.828e+04, 1.210e+06, 1.127e+05, 2.006e+06, 7.265e+00, nan, 1.573e+05, 8.617e+03
2.8509e+10, 3.932e+07, 3.335e+07, 3.537e+07, 7.296e+04, 4.792e+06, 5.830e+04, 1.208e+06, 1.140e+05, 2.006e+06, 7.282e+00, nan, 1.574e+05, 8.640e+03
2.8540e+10, 3.932e+07, 3.335e+07, 3.536e+07, 7.283e+04, 4.795e+06, 5.832e+04, 1.208e+06, 1.132e+05, 2.007e+06, 7.299e+00, nan, 1.574e+05, 8.662e+03
2.8572e+10, 3.932e+07, 3.335e+07, 3.536e+07, 7.294e+04, 4.798e+06, 5.834e+04, 1.206e+06, 1.145e+05, 2.007e+06, 7.316e+00, nan, 1.575e+05, 8.685e+03
2.8603e+10, 3.932e+07, 3.335e+07, 3.536e+07, 7.293e+04, 4.802e+06, 5.836e+04, 1.206e+06, 1.139e+05, 2.008e+06, 7.333e+00, nan, 1.575e+05, 8.709e+03
2.8635e+10, 3.932e+07, 3.335e+07, 3.536e+07, 7.516e+04, 4.805e+06, 5.837e+04, 1.206e+06, 1.132e+05, 2.008e+06, 7.350e+00, nan, 1.576e+05, 8.732e+03
2.8666e+10, 3.932e+07, 3.335e+07, 3.536e+07, 7.262e+04, 4.808e+06, 5.839e+04, 1.205e+06, 1.126e+05, 2.009e+06, 7.367e+00, nan, 1.576e+05, 8.755e+03
2.8698e+10, 3.932e+07, 3.335e+07, 3.535e+07, 7.471e+04, 4.811e+06, 5.841e+04, 1.205e+06, 1.119e+05, 2.009e+06, 7.384e+00, nan, 1.577e+05, 8.778e+03
2.8729e+10, 3.932e+07, 3.335e+07, 3.535e+07, 7.445e+04, 4.814e+06, 5.843e+04, 1.205e+06, 1.113e+05, 2.009e+06, 7.401e+00, nan, 1.577e+05, 8.801e+03
2.8761e+10, 3.932e+07, 3.335e+07, 3.535e+07, 7.650e+04, 4.818e+06, 5.844e+04, 1.205e+06, 1.106e+05, 2.010e+06, 7.419e+00, nan, 1.578e+05, 8.824e+03
2.8792e+10, 3.932e+07, 3.335e+07, 3.535e+07, 7.625e+04, 4.821e+06, 5.846e+04, 1.205e+06, 1.100e+05, 2.010e+06, 7.436e+00, nan, 1.578e+05, 8.847e+03
2.8824e+10, 3.931e+07, 3.334e+07, 3.534e+07, 7.604e+04, 4.824e+06, 5.848e+04, 1.203e+06, 1.113e+05, 2.011e+06, 7.453e+00, nan, 1.579e+05, 8.870e+03
2.8855e+10, 3.931e+07, 3.334e+07, 3.534e+07, 7.818e+04, 4.828e+06, 5.850e+04, 1.203e+06, 1.107e+05, 2.011e+06, 7.471e+00, nan, 1.580e+05, 8.893e+03
2.8887e+10, 3.931e+07, 3.334e+07, 3.534e+07, 7.812e+04, 4.831e+06, 5.852e+04, 1.203e+06, 1.100e+05, 2.012e+06, 7.488e+00, nan, 1.580e+05, 8.916e+03
2.8919e+10, 3.931e+07, 3.334e+07, 3.534e+07, 7.812e+04, 4.834e+06, 5.853e+04, 1.201e+06, 1.112e+05, 2.012e+06, 7.505e+00, nan, 1.581e+05, 8.939e+03
2.8950e+10, 3.931e+07, 3.334e+07, 3.534e+07, 7.808e+04, 4.837e+06, 5.855e+04, 1.200e+06, 1.106e+05, 2.012e+06, 7.523e+00, nan, 1.581e+05, 8.962e+03
2.8982e+10, 3.931e+07, 3.334e+07, 3.533e+07, 7.799e+04, 4.840e+06, 5.857e+04, 1.200e+06, 1.099e+05, 2.013e+06, 7.540e+00, nan, 1.582e+05, 8.985e+03
2.9013e+10, 3.931e+07, 3.334e+07, 3.533e+07, 8.020e+04, 4.843e+06, 5.859e+04, 1.198e+06, 1.111e+05, 2.013e+06, 7.558e+00, nan, 1.582e+05, 9.008e+03
2.9045e+10, 3.931e+07, 3.334e+07, 3.533e+07, 8.006e+04, 4.846e+06, 5.861e+04, 1.198e+06, 1.105e+05, 2.014e+06, 7.575e+00, nan, 1.583e+05, 9.031e+03
2.9076e+10, 3.931e+07, 3.334e+07, 3.532e+07, 8.457e+04, 4.849e+06, 5.862e+04, 1.198e+06, 1.098e+05, 2.014e+06, 7.593e+00, nan, 1.583e+05, 9.054e+03
2.9108e+10, 3.931e+07, 3.334e+07, 3.532e+07, 8.439e+04, 4.852e+06, 5.864e+04, 1.198e+06, 1.091e+05, 2.015e+06, 7.611e+00, nan, 1.584e+05, 9.077e+03
2.9139e+10, 3.931e+07, 3.334e+07, 3.532e+07, 8.186e+04, 4.855e+06, 5.866e+04, 1.198e+06, 1.084e+05, 2.015e+06, 7.628e+00, nan, 1.584e+05, 9.100e+03
2.9171e+10, 3.931e+07, 3.334e+07, 3.532e+07, 8.165e+04, 4.858e+06, 5.868e+04, 1.198e+06, 1.077e+05, 2.016e+06, 7.646e+00, nan, 1.585e+05, 9.123e+03
2.9202e+10, 3.931e+07, 3.334e+07, 3.532e+07, 8.145e+04, 4.861e+06, 5.870e+04, 1.196e+06, 1.088e+05, 2.016e+06, 7.664e+00, nan, 1.585e+05, 9.146e+03
2.9234e+10, 3.931e+07, 3.334e+07, 3.532e+07, 8.125e+04, 4.864e+06, 5.871e+04, 1.195e+06, 1.081e+05, 2.017e+06, 7.681e+00, nan, 1.586e+05, 9.169e+03
2.9265e+10, 3.931e+07, 3.334e+07, 3.532e+07, 8.105e+04, 4.867e+06, 5.873e+04, 1.195e+06, 1.074e+05, 2.017e+06, 7.699e+00, nan, 1.586e+05, 9.192e+03
2.9297e+10, 3.931e+07, 3.334e+07, 3.531e+07, 8.553e+04, 4.871e+06, 5.875e+04, 1.195e+06, 1.066e+05, 2.018e+06, 7.717e+00, nan, 1.587e+05, 9.215e+03
2.9328e+10, 3.931e+07, 3.334e+07, 3.531e+07, 8.535e+04, 4.874e+06, 5.877e+04, 1.197e+06, 1.039e+05, 2.018e+06, 7.734e+00, nan, 1.587e+05, 9.238e+03
2.9360e+10, 3.931e+07, 3.334e+07, 3.531e+07, 8.520e+04, 4.877e+06, 5.878e+04, 1.197e+06, 1.031e+05, 2.019e+06, 7.750e+00, nan, 1.588e+05, 9.261e+03
2.9392e+10, 3.931e+07, 3.334e+07, 3.531e+07, 8.507e+04, 4.881e+06, 5.880e+04, 1.197e+06, 1.023e+05, 2.020e+06, 7.766e+00, nan, 1.588e+05, 9.284e+03
2.9423e+10, 3.931e+07, 3.334e+07, 3.530e+07, 8.513e+04, 4.884e+06, 5.882e+04, 1.195e+06, 1.034e+05, 2.020e+06, 7.783e+00, nan, 1.589e+05, 9.307e+03
2.9455e+10, 3.931e+07, 3.334e+07, 3.530e+07, 8.516e+04, 4.887e+06, 5.884e+04, 1.195e+06, 1.026e+05, 2.021e+06, 7.801e+00, nan, 1.589e+05, 9.330e+03
2.9486e+10, 3.931e+07, 3.334e+07, 3.530e+07, 8.511e+04, 4.890e+06, 5.886e+04, 1.195e+06, 1.018e+05, 2.021e+06, 7.819e+00, nan, 1.590e+05, 9.353e+03
2.9518e+10, 3.931e+07, 3.334e+07, 3.530e+07, 8.268e+04, 4.893e+06, 5.887e+04, 1.195e+06, 1.010e+05, 2.022e+06, 7.837e+00, nan, 1.590e+05, 9.376e+03
2.9549e+10, 3.931e+07, 3.334e+07, 3.530e+07, 8.250e+04, 4.896e+06, 5.889e+04, 1.195e+06, 1.001e+05, 2.022e+06, 7.855e+00, nan, 1.591e+05, 9.400e+03
2.9581e+10, 3.931e+07, 3.334e+07, 3.530e+07, 8.463e+04, 4.899e+06, 5.891e+04, 1.195e+06, 9.932e+04, 2.023e+06, 7.873e+00, nan, 1.591e+05, 9.423e+03
2.9612e+10, 3.931e+07, 3.334e+07, 3.530e+07, 8.442e+04, 4.902e+06, 5.893e+04, 1.194e+06, 9.851e+04, 2.024e+06, 7.891e+00, nan, 1.592e+05, 9.446e+03
2.9644e+10, 3.931e+07, 3.334e+07, 3.529e+07, 8.420e+04, 4.905e+06, 5.895e+04, 1.196e+06, 9.580e+04, 2.024e+06, 7.909e+00, nan, 1.592e+05, 9.469e+03
2.9675e+10, 3.931e+07, 3.334e+07, 3.529e+07, 8.399e+04, 4.908e+06, 5.896e+04, 1.194e+06, 9.688e+04, 2.025e+06, 7.927e+00, nan, 1.593e+05, 9.492e+03
2.9707e+10, 3.931e+07, 3.334e+07, 3.529e+07, 8.609e+04, 4.911e+06, 5.898e+04, 1.194e+06, 9.605e+04, 2.026e+06, 7.945e+00, nan, 1.593e+05, 9.515e+03
2.9739e+10, 3.931e+07, 3.334e+07, 3.529e+07, 8.585e+04, 4.914e+06, 5.900e+04, 1.194e+06, 9.521e+04, 2.026e+06, 7.963e+00, nan, 1.594e+05, 9.538e+03
2.9770e+10, 3.931e+07, 3.334e+07, 3.529e+07, 8.561e+04, 4.917e+06, 5.902e+04, 1.194e+06, 9.437e+04, 2.027e+06, 7.981e+00, nan, 1.594e+05, 9.561e+03
2.9802e+10, 3.931e+07, 3.334e+07, 3.529e+07, 8.538e+04, 4.920e+06, 5.903e+04, 1.194e+06, 9.353e+04, 2.028e+06, 8.000e+00, nan, 1.595e+05, 9.584e+03
2.9833e+10, 3.931e+07, 3.334e+07, 3.528e+07, 8.984e+04, 4.924e+06, 5.905e+04, 1.192e+06, 9.462e+04, 2.028e+06, 8.018e+00, nan, 1.595e+05, 9.607e+03
2.9865e+10, 3.931e+07, 3.334e+07, 3.528e+07, 9.192e+04, 4.927e+06, 5.907e+04, 1.192e+06, 9.378e+04, 2.029e+06, 8.036e+00, nan, 1.596e+05, 9.630e+03
2.9896e+10, 3.931e+07, 3.334e+07, 3.527e+07, 9.169e+04, 4.930e+06, 5.909e+04, 1.190e+06, 9.483e+04, 2.030e+06, 8.055e+00, nan, 1.596e+05, 9.653e+03
2.9928e+10, 3.931e+07, 3.334e+07, 3.527e+07, 9.147e+04, 4.934e+06, 5.911e+04, 1.190e+06, 9.397e+04, 2.030e+06, 8.073e+00, nan, 1.597e+05, 9.676e+03
2.9959e+10, 3.931e+07, 3.334e+07, 3.527e+07, 9.129e+04, 4.937e+06, 5.912e+04, 1.189e+06, 9.312e+04, 2.031e+06, 8.092e+00, nan, 1.597e+05, 9.699e+03
2.9991e+10, 3.931e+07, 3.334e+07, 3.527e+07, 8.665e+04, 4.940e+06, 5.914e+04, 1.189e+06, 9.227e+04, 2.032e+06, 8.110e+00, nan, 1.598e+05, 9.722e+03
3.0022e+10, 3.931e+07, 3.333e+07, 3.527e+07, 8.649e+04, 4.944e+06, 5.916e+04, 1.189e+06, 9.141e+04, 2.032e+06, 8.129e+00, nan, 1.598e+05, 9.745e+03
3.0054e+10, 3.930e+07, 3.333e+07, 3.527e+07, 8.628e+04, 4.947e+06, 5.918e+04, 1.189e+06, 9.057e+04, 2.033e+06, 8.147e+00, nan, 1.599e+05, 9.768e+03
3.0085e+10, 3.930e+07, 3.333e+07, 3.527e+07, 8.836e+04, 4.950e+06, 5.920e+04, 1.187e+06, 9.169e+04, 2.034e+06, 8.166e+00, nan, 1.599e+05, 9.791e+03
3.0117e+10, 3.930e+07, 3.333e+07, 3.527e+07, 8.809e+04, 4.953e+06, 5.921e+04, 1.187e+06, 9.098e+04, 2.034e+06, 8.185e+00, nan, 1.600e+05, 9.814e+03
3.0148e+10, 3.930e+07, 3.333e+07, 3.526e+07, 8.781e+04, 4.956e+06, 5.923e+04, 1.187e+06, 9.026e+04, 2.035e+06, 8.203e+00, nan, 1.600e+05, 9.837e+03
3.0180e+10, 3.930e+07, 3.333e+07, 3.526e+07, 8.751e+04, 4.959e+06, 5.925e+04, 1.183e+06, 9.334e+04, 2.035e+06, 8.222e+00, nan, 1.601e+05, 9.860e+03
3.0212e+10, 3.930e+07, 3.333e+07, 3.526e+07, 8.722e+04, 4.962e+06, 5.927e+04, 1.183e+06, 9.261e+04, 2.036e+06, 8.241e+00, nan, 1.601e+05, 9.884e+03
3.0243e+10, 3.930e+07, 3.333e+07, 3.526e+07, 8.925e+04, 4.965e+06, 5.929e+04, 1.182e+06, 9.188e+04, 2.037e+06, 8.260e+00, nan, 1.602e+05, 9.907e+03
3.0275e+10, 3.930e+07, 3.333e+07, 3.526e+07, 8.895e+04, 4.968e+06, 5.930e+04, 1.182e+06, 9.116e+04, 2.037e+06, 8.278e+00, nan, 1.603e+05, 9.930e+03
3.0306e+10, 3.930e+07, 3.333e+07, 3.526e+07, 8.866e+04, 4.972e+06, 5.932e+04, 1.182e+06, 9.042e+04, 2.038e+06, 8.297e+00, nan, 1.603e+05, 9.953e+03
3.0338e+10, 3.930e+07, 3.333e+07, 3.525e+07, 9.070e+04, 4.975e+06, 5.934e+04, 1.180e+06, 9.158e+04, 2.038e+06, 8.316e+00, nan, 1.604e+05, 9.976e+03
3.0369e+10, 3.930e+07, 3.333e+07, 3.525e+07, 9.272e+04, 4.978e+06, 5.936e+04, 1.180e+06, 9.083e+04, 2.039e+06, 8.335e+00, nan, 1.604e+05, 9.999e+03
3.0401e+10, 3.930e+07, 3.333e+07, 3.525e+07, 9.240e+04, 4.981e+06, 5.937e+04, 1.180e+06, 9.006e+04, 2.040e+06, 8.354e+00, nan, 1.605e+05, 1.002e+04
3.0432e+10, 3.930e+07, 3.333e+07, 3.525e+07, 9.209e+04, 4.984e+06, 5.939e+04, 1.180e+06, 8.929e+04, 2.040e+06, 8.373e+00, nan, 1.605e+05, 1.004e+04
3.0464e+10, 3.930e+07, 3.333e+07, 3.524e+07, 9.179e+04, 4.987e+06, 5.941e+04, 1.180e+06, 8.854e+04, 2.041e+06, 8.392e+00, nan, 1.606e+05, 1.007e+04
3.0495e+10, 3.930e+07, 3.333e+07, 3.524e+07, 9.152e+04, 4.990e+06, 5.943e+04, 1.180e+06, 8.780e+04, 2.041e+06, 8.411e+00, nan, 1.606e+05, 1.009e+04
3.0527e+10, 3.930e+07, 3.333e+07, 3.524e+07, 9.125e+04, 4.994e+06, 5.945e+04, 1.179e+06, 8.704e+04, 2.042e+06, 8.430e+00, nan, 1.607e+05, 1.011e+04
3.0558e+10, 3.930e+07, 3.333e+07, 3.524e+07, 9.333e+04, 4.997e+06, 5.946e+04, 1.179e+06, 8.628e+04, 2.043e+06, 8.450e+00, nan, 1.607e+05, 1.014e+04
3.0590e+10, 3.930e+07, 3.333e+07, 3.523e+07, 9.541e+04, 5.000e+06, 5.948e+04, 1.179e+06, 8.549e+04, 2.043e+06, 8.469e+00, nan, 1.608e+05, 1.016e+04
3.0621e+10, 3.930e+07, 3.333e+07, 3.523e+07, 9.749e+04, 5.003e+06, 5.950e+04, 1.179e+06, 8.472e+04, 2.044e+06, 8.488e+00, nan, 1.608e+05, 1.018e+04
3.0653e+10, 3.930e+07, 3.333e+07, 3.523e+07, 9.724e+04, 5.006e+06, 5.952e+04, 1.177e+06, 8.590e+04, 2.045e+06, 8.507e+00, nan, 1.609e+05, 1.021e+04
3.0685e+10, 3.930e+07, 3.333e+07, 3.523e+07, 9.700e+04, 5.010e+06, 5.954e+04, 1.177e+06, 8.516e+04, 2.045e+06, 8.527e+00, nan, 1.609e+05, 1.023e+04
3.0716e+10, 3.930e+07, 3.333e+07, 3.523e+07, 9.676e+04, 5.013e+06, 5.955e+04, 1.175e+06, 8.634e+04, 2.046e+06, 8.546e+00, nan, 1.610e+05, 1.025e+04
3.0748e+10, 3.930e+07, 3.333e+07, 3.523e+07, 9.649e+04, 5.016e+06, 5.957e+04, 1.175e+06, 8.563e+04, 2.046e+06, 8.565e+00, nan, 1.610e+05, 1.028e+04
3.0779e+10, 3.930e+07, 3.333e+07, 3.522e+07, 9.623e+04, 5.020e+06, 5.959e+04, 1.175e+06, 8.493e+04, 2.047e+06, 8.585e+00, nan, 1.611e+05, 1.030e+04
3.0811e+10, 3.930e+07, 3.333e+07, 3.522e+07, 9.832e+04, 5.023e+06, 5.961e+04, 1.175e+06, 8.423e+04, 2.047e+06, 8.604e+00, nan, 1.611e+05, 1.032e+04
3.0842e+10, 3.930e+07, 3.333e+07, 3.522e+07, 9.809e+04, 5.027e+06, 5.962e+04, 1.171e+06, 8.733e+04, 2.048e+06, 8.624e+00, nan, 1.612e+05, 1.034e+04
3.0874e+10, 3.930e+07, 3.333e+07, 3.522e+07, 9.799e+04, 5.030e+06, 5.964e+04, 1.171e+06, 8.660e+04, 2.049e+06, 8.643e+00, nan, 1.612e+05, 1.037e+04
3.0905e+10, 3.930e+07, 3.333e+07, 3.521e+07, 9.797e+04, 5.033e+06, 5.966e+04, 1.170e+06, 8.589e+04, 2.049e+06, 8.663e+00, nan, 1.613e+05, 1.039e+04
3.0937e+10, 3.930e+07, 3.333e+07, 3.521e+07, 9.788e+04, 5.036e+06, 5.968e+04, 1.172e+06, 8.321e+04, 2.050e+06, 8.682e+00, nan, 1.613e+05, 1.041e+04
3.0968e+10, 3.930e+07, 3.333e+07, 3.521e+07, 9.776e+04, 5.039e+06, 5.970e+04, 1.170e+06, 8.435e+04, 2.050e+06, 8.701e+00, nan, 1.614e+05, 1.044e+04
3.1000e+10, 3.930e+07, 3.333e+07, 3.521e+07, 9.761e+04, 5.043e+06, 5.971e+04, 1.168e+06, 8.550e+04, 2.051e+06, 8.718e+00, nan, 1.614e+05, 1.046e+04
3.1031e+10, 3.930e+07, 3.333e+07, 3.521e+07, 9.981e+04, 5.046e+06, 5.973e+04, 1.166e+06, 8.665e+04, 2.052e+06, 8.736e+00, nan, 1.615e+05, 1.048e+04
3.1063e+10, 3.930e+07, 3.333e+07, 3.521e+07, 9.968e+04, 5.049e+06, 5.975e+04, 1.166e+06, 8.590e+04, 2.052e+06, 8.755e+00, nan, 1.615e+05, 1.051e+04
3.1095e+10, 3.930e+07, 3.333e+07, 3.520e+07, 9.957e+04, 5.052e+06, 5.977e+04, 1.166e+06, 8.517e+04, 2.053e+06, 8.775e+00, nan, 1.616e+05, 1.053e+04
3.1126e+10, 3.930e+07, 3.333e+07, 3.520e+07, 9.947e+04, 5.055e+06, 5.979e+04, 1.164e+06, 8.636e+04, 2.053e+06, 8.795e+00, nan, 1.616e+05, 1.055e+04
3.1158e+10, 3.930e+07, 3.333e+07, 3.520e+07, 9.938e+04, 5.058e+06, 5.980e+04, 1.162e+06, 8.760e+04, 2.054e+06, 8.814e+00, nan, 1.617e+05, 1.058e+04
3.1189e+10, 3.930e+07, 3.333e+07, 3.520e+07, 9.929e+04, 5.062e+06, 5.982e+04, 1.160e+06, 8.887e+04, 2.054e+06, 8.834e+00, nan, 1.617e+05, 1.060e+04
3.1221e+10, 3.930e+07, 3.333e+07, 3.520e+07, 9.920e+04, 5.065e+06, 5.984e+04, 1.158e+06, 9.019e+04, 2.055e+06, 8.854e+00, nan, 1.618e+05, 1.062e+04
3.1252e+10, 3.929e+07, 3.332e+07, 3.519e+07, 1.061e+05, 5.068e+06, 5.986e+04, 1.158e+06, 8.962e+04, 2.055e+06, 8.874e+00, nan, 1.618e+05, 1.064e+04
3.1284e+10, 3.929e+07, 3.332e+07, 3.519e+07, 1.060e+05, 5.071e+06, 5.988e+04, 1.154e+06, 9.289e+04, 2.056e+06, 8.894e+00, nan, 1.619e+05, 1.067e+04
3.1315e+10, 3.929e+07, 3.332e+07, 3.518e+07, 1.082e+05, 5.075e+06, 5.989e+04, 1.152e+06, 9.427e+04, 2.056e+06, 8.913e+00, nan, 1.619e+05, 1.069e+04
3.1347e+10, 3.929e+07, 3.332e+07, 3.518e+07, 1.081e+05, 5.078e+06, 5.991e+04, 1.143e+06, 1.033e+05, 2.056e+06, 8.933e+00, nan, 1.620e+05, 1.071e+04
3.1378e+10, 3.929e+07, 3.332e+07, 3.518e+07, 1.079e+05, 5.082e+06, 5.993e+04, 1.143e+06, 1.028e+05, 2.057e+06, 8.953e+00, nan, 1.620e+05, 1.074e+04
3.1410e+10, 3.929e+07, 3.332e+07, 3.518e+07, 1.080e+05, 5.085e+06, 5.995e+04, 1.141e+06, 1.042e+05, 2.057e+06, 8.973e+00, nan, 1.621e+05, 1.076e+04
3.1441e+10, 3.929e+07, 3.332e+07, 3.518e+07, 1.081e+05, 5.088e+06, 5.996e+04, 1.139e+06, 1.056e+05, 2.058e+06, 8.993e+00, nan, 1.621e+05, 1.078e+04
3.1473e+10, 3.929e+07, 3.332e+07, 3.518e+07, 1.081e+05, 5.091e+06, 5.998e+04, 1.136e+06, 1.071e+05, 2.058e+06, 9.014e+00, nan, 1.622e+05, 1.081e+04
3.1504e+10, 3.929e+07, 3.332e+07, 3.517e+07, 1.079e+05, 5.095e+06, 6.000e+04, 1.136e+06, 1.065e+05, 2.058e+06, 9.034e+00, nan, 1.622e+05, 1.083e+04
3.1536e+10, 3.929e+07, 3.332e+07, 3.517e+07, 1.076e+05, 5.098e+06, 6.002e+04, 1.136e+06, 1.060e+05, 2.059e+06, 9.054e+00, nan, 1.623e+05, 1.085e+04
